shot_id,shot_made_flag
1,0.44616103
8,0.44616103
17,0.44616103
20,0.44616103
33,0.44616103
34,0.44616103
35,0.44616103
36,0.44616103
37,0.44616103
38,0.44616103
45,0.44616103
50,0.44616103
55,0.44616103
60,0.44616103
66,0.44616103
67,0.44616103
71,0.44616103
80,0.44616103
85,0.44616103
86,0.44616103
95,0.44616103
104,0.44616103
113,0.44616103
123,0.44616103
126,0.44616103
133,0.44616103
141,0.44616103
144,0.44616103
150,0.44616103
152,0.44616103
153,0.44616103
156,0.44616103
159,0.44616103
165,0.44616103
172,0.44616103
182,0.44616103
192,0.44616103
193,0.44616103
196,0.44616103
202,0.44616103
210,0.44616103
211,0.44616103
228,0.44616103
257,0.44616103
260,0.44616103
264,0.44616103
267,0.44616103
279,0.44616103
282,0.44616103
293,0.44616103
299,0.44616103
300,0.44616103
301,0.44616103
317,0.44616103
327,0.44616103
328,0.44616103
335,0.44616103
346,0.44616103
348,0.44616103
365,0.44616103
390,0.44616103
391,0.44616103
392,0.44616103
397,0.44616103
418,0.44616103
428,0.44616103
434,0.44616103
439,0.44616103
440,0.44616103
456,0.44616103
459,0.44616103
472,0.44616103
480,0.44616103
491,0.44616103
497,0.44616103
509,0.44616103
511,0.44616103
523,0.44616103
533,0.44616103
544,0.44616103
546,0.44616103
555,0.44616103
558,0.44616103
560,0.44616103
573,0.44616103
591,0.44616103
596,0.44616103
597,0.44616103
601,0.44616103
605,0.44616103
617,0.44616103
628,0.44616103
634,0.44616103
646,0.44616103
649,0.44616103
651,0.44616103
654,0.44616103
656,0.44616103
657,0.44616103
669,0.44616103
670,0.44616103
693,0.44616103
694,0.44616103
699,0.44616103
711,0.44616103
718,0.44616103
722,0.44616103
723,0.44616103
725,0.44616103
734,0.44616103
735,0.44616103
737,0.44616103
746,0.44616103
747,0.44616103
766,0.44616103
767,0.44616103
771,0.44616103
773,0.44616103
774,0.44616103
783,0.44616103
784,0.44616103
789,0.44616103
792,0.44616103
804,0.44616103
809,0.44616103
812,0.44616103
813,0.44616103
817,0.44616103
820,0.44616103
825,0.44616103
826,0.44616103
829,0.44616103
855,0.44616103
859,0.44616103
862,0.44616103
870,0.44616103
876,0.44616103
880,0.44616103
886,0.44616103
889,0.44616103
891,0.44616103
897,0.44616103
902,0.44616103
903,0.44616103
908,0.44616103
909,0.44616103
920,0.44616103
922,0.44616103
924,0.44616103
932,0.44616103
934,0.44616103
937,0.44616103
941,0.44616103
943,0.44616103
950,0.44616103
952,0.44616103
954,0.44616103
963,0.44616103
975,0.44616103
979,0.44616103
981,0.44616103
983,0.44616103
985,0.44616103
989,0.44616103
995,0.44616103
998,0.44616103
1008,0.44616103
1019,0.44616103
1023,0.44616103
1026,0.44616103
1029,0.44616103
1034,0.44616103
1036,0.44616103
1038,0.44616103
1039,0.44616103
1051,0.44616103
1052,0.44616103
1066,0.44616103
1087,0.44616103
1092,0.44616103
1094,0.44616103
1098,0.44616103
1099,0.44616103
1102,0.44616103
1118,0.44616103
1131,0.44616103
1133,0.44616103
1135,0.44616103
1138,0.44616103
1139,0.44616103
1142,0.44616103
1151,0.44616103
1152,0.44616103
1155,0.44616103
1165,0.44616103
1167,0.44616103
1172,0.44616103
1174,0.44616103
1180,0.44616103
1200,0.44616103
1202,0.44616103
1227,0.44616103
1228,0.44616103
1229,0.44616103
1237,0.44616103
1241,0.44616103
1256,0.44616103
1279,0.44616103
1293,0.44616103
1295,0.44616103
1319,0.44616103
1320,0.44616103
1321,0.44616103
1322,0.44616103
1334,0.44616103
1351,0.44616103
1373,0.44616103
1375,0.44616103
1380,0.44616103
1382,0.44616103
1385,0.44616103
1399,0.44616103
1403,0.44616103
1428,0.44616103
1434,0.44616103
1444,0.44616103
1448,0.44616103
1466,0.44616103
1476,0.44616103
1478,0.44616103
1485,0.44616103
1491,0.44616103
1494,0.44616103
1500,0.44616103
1501,0.44616103
1503,0.44616103
1519,0.44616103
1524,0.44616103
1529,0.44616103
1533,0.44616103
1538,0.44616103
1539,0.44616103
1546,0.44616103
1555,0.44616103
1559,0.44616103
1563,0.44616103
1565,0.44616103
1574,0.44616103
1591,0.44616103
1594,0.44616103
1605,0.44616103
1611,0.44616103
1614,0.44616103
1620,0.44616103
1626,0.44616103
1630,0.44616103
1632,0.44616103
1634,0.44616103
1643,0.44616103
1651,0.44616103
1655,0.44616103
1658,0.44616103
1659,0.44616103
1665,0.44616103
1675,0.44616103
1680,0.44616103
1690,0.44616103
1696,0.44616103
1714,0.44616103
1721,0.44616103
1726,0.44616103
1728,0.44616103
1734,0.44616103
1735,0.44616103
1740,0.44616103
1744,0.44616103
1747,0.44616103
1752,0.44616103
1763,0.44616103
1765,0.44616103
1769,0.44616103
1785,0.44616103
1787,0.44616103
1788,0.44616103
1793,0.44616103
1800,0.44616103
1825,0.44616103
1826,0.44616103
1834,0.44616103
1843,0.44616103
1844,0.44616103
1848,0.44616103
1849,0.44616103
1860,0.44616103
1863,0.44616103
1875,0.44616103
1883,0.44616103
1890,0.44616103
1892,0.44616103
1893,0.44616103
1897,0.44616103
1905,0.44616103
1908,0.44616103
1931,0.44616103
1940,0.44616103
1943,0.44616103
1947,0.44616103
1965,0.44616103
1967,0.44616103
1968,0.44616103
1972,0.44616103
1982,0.44616103
1985,0.44616103
2005,0.44616103
2010,0.44616103
2021,0.44616103
2024,0.44616103
2036,0.44616103
2043,0.44616103
2047,0.44616103
2049,0.44616103
2055,0.44616103
2065,0.44616103
2066,0.44616103
2070,0.44616103
2077,0.44616103
2085,0.44616103
2095,0.44616103
2097,0.44616103
2108,0.44616103
2112,0.44616103
2113,0.44616103
2122,0.44616103
2139,0.44616103
2144,0.44616103
2146,0.44616103
2148,0.44616103
2149,0.44616103
2157,0.44616103
2159,0.44616103
2168,0.44616103
2176,0.44616103
2178,0.44616103
2181,0.44616103
2187,0.44616103
2188,0.44616103
2190,0.44616103
2194,0.44616103
2197,0.44616103
2214,0.44616103
2217,0.44616103
2222,0.44616103
2223,0.44616103
2226,0.44616103
2230,0.44616103
2240,0.44616103
2247,0.44616103
2250,0.44616103
2259,0.44616103
2262,0.44616103
2266,0.44616103
2305,0.44616103
2310,0.44616103
2313,0.44616103
2319,0.44616103
2320,0.44616103
2345,0.44616103
2350,0.44616103
2356,0.44616103
2360,0.44616103
2370,0.44616103
2386,0.44616103
2398,0.44616103
2414,0.44616103
2435,0.44616103
2439,0.44616103
2446,0.44616103
2458,0.44616103
2465,0.44616103
2466,0.44616103
2470,0.44616103
2495,0.44616103
2501,0.44616103
2507,0.44616103
2533,0.44616103
2537,0.44616103
2538,0.44616103
2541,0.44616103
2542,0.44616103
2544,0.44616103
2554,0.44616103
2555,0.44616103
2565,0.44616103
2575,0.44616103
2586,0.44616103
2588,0.44616103
2594,0.44616103
2617,0.44616103
2618,0.44616103
2623,0.44616103
2631,0.44616103
2640,0.44616103
2642,0.44616103
2647,0.44616103
2663,0.44616103
2664,0.44616103
2676,0.44616103
2680,0.44616103
2681,0.44616103
2691,0.44616103
2693,0.44616103
2695,0.44616103
2704,0.44616103
2708,0.44616103
2709,0.44616103
2717,0.44616103
2722,0.44616103
2728,0.44616103
2732,0.44616103
2743,0.44616103
2752,0.44616103
2757,0.44616103
2761,0.44616103
2769,0.44616103
2771,0.44616103
2774,0.44616103
2776,0.44616103
2781,0.44616103
2793,0.44616103
2799,0.44616103
2803,0.44616103
2811,0.44616103
2818,0.44616103
2824,0.44616103
2828,0.44616103
2829,0.44616103
2830,0.44616103
2842,0.44616103
2847,0.44616103
2848,0.44616103
2868,0.44616103
2870,0.44616103
2885,0.44616103
2886,0.44616103
2889,0.44616103
2903,0.44616103
2904,0.44616103
2918,0.44616103
2919,0.44616103
2922,0.44616103
2923,0.44616103
2931,0.44616103
2945,0.44616103
2955,0.44616103
2957,0.44616103
2960,0.44616103
2963,0.44616103
2966,0.44616103
2972,0.44616103
2974,0.44616103
2982,0.44616103
2984,0.44616103
3016,0.44616103
3021,0.44616103
3023,0.44616103
3025,0.44616103
3029,0.44616103
3034,0.44616103
3038,0.44616103
3040,0.44616103
3051,0.44616103
3062,0.44616103
3069,0.44616103
3071,0.44616103
3076,0.44616103
3079,0.44616103
3081,0.44616103
3082,0.44616103
3084,0.44616103
3098,0.44616103
3104,0.44616103
3105,0.44616103
3114,0.44616103
3118,0.44616103
3122,0.44616103
3132,0.44616103
3138,0.44616103
3141,0.44616103
3156,0.44616103
3162,0.44616103
3167,0.44616103
3170,0.44616103
3171,0.44616103
3172,0.44616103
3176,0.44616103
3180,0.44616103
3189,0.44616103
3198,0.44616103
3206,0.44616103
3215,0.44616103
3222,0.44616103
3228,0.44616103
3229,0.44616103
3232,0.44616103
3233,0.44616103
3238,0.44616103
3256,0.44616103
3264,0.44616103
3273,0.44616103
3275,0.44616103
3285,0.44616103
3289,0.44616103
3294,0.44616103
3306,0.44616103
3311,0.44616103
3318,0.44616103
3322,0.44616103
3324,0.44616103
3334,0.44616103
3341,0.44616103
3345,0.44616103
3346,0.44616103
3352,0.44616103
3368,0.44616103
3371,0.44616103
3372,0.44616103
3375,0.44616103
3384,0.44616103
3387,0.44616103
3393,0.44616103
3406,0.44616103
3411,0.44616103
3412,0.44616103
3414,0.44616103
3417,0.44616103
3420,0.44616103
3423,0.44616103
3436,0.44616103
3438,0.44616103
3442,0.44616103
3443,0.44616103
3451,0.44616103
3461,0.44616103
3489,0.44616103
3491,0.44616103
3510,0.44616103
3515,0.44616103
3527,0.44616103
3530,0.44616103
3540,0.44616103
3582,0.44616103
3604,0.44616103
3605,0.44616103
3609,0.44616103
3624,0.44616103
3628,0.44616103
3630,0.44616103
3641,0.44616103
3642,0.44616103
3648,0.44616103
3650,0.44616103
3652,0.44616103
3660,0.44616103
3664,0.44616103
3670,0.44616103
3672,0.44616103
3680,0.44616103
3682,0.44616103
3685,0.44616103
3686,0.44616103
3689,0.44616103
3705,0.44616103
3712,0.44616103
3713,0.44616103
3719,0.44616103
3721,0.44616103
3723,0.44616103
3724,0.44616103
3727,0.44616103
3733,0.44616103
3734,0.44616103
3742,0.44616103
3770,0.44616103
3777,0.44616103
3778,0.44616103
3780,0.44616103
3783,0.44616103
3784,0.44616103
3788,0.44616103
3790,0.44616103
3794,0.44616103
3795,0.44616103
3796,0.44616103
3801,0.44616103
3806,0.44616103
3813,0.44616103
3814,0.44616103
3818,0.44616103
3824,0.44616103
3836,0.44616103
3853,0.44616103
3855,0.44616103
3858,0.44616103
3861,0.44616103
3866,0.44616103
3870,0.44616103
3874,0.44616103
3876,0.44616103
3878,0.44616103
3890,0.44616103
3900,0.44616103
3904,0.44616103
3906,0.44616103
3907,0.44616103
3908,0.44616103
3912,0.44616103
3918,0.44616103
3923,0.44616103
3924,0.44616103
3925,0.44616103
3927,0.44616103
3955,0.44616103
3964,0.44616103
3969,0.44616103
3974,0.44616103
3976,0.44616103
3984,0.44616103
3991,0.44616103
3993,0.44616103
4009,0.44616103
4011,0.44616103
4020,0.44616103
4033,0.44616103
4041,0.44616103
4045,0.44616103
4052,0.44616103
4055,0.44616103
4056,0.44616103
4057,0.44616103
4067,0.44616103
4069,0.44616103
4077,0.44616103
4094,0.44616103
4095,0.44616103
4100,0.44616103
4119,0.44616103
4130,0.44616103
4131,0.44616103
4132,0.44616103
4134,0.44616103
4137,0.44616103
4138,0.44616103
4143,0.44616103
4145,0.44616103
4148,0.44616103
4163,0.44616103
4166,0.44616103
4169,0.44616103
4170,0.44616103
4174,0.44616103
4180,0.44616103
4199,0.44616103
4201,0.44616103
4203,0.44616103
4210,0.44616103
4211,0.44616103
4213,0.44616103
4225,0.44616103
4235,0.44616103
4242,0.44616103
4245,0.44616103
4250,0.44616103
4252,0.44616103
4254,0.44616103
4263,0.44616103
4264,0.44616103
4268,0.44616103
4270,0.44616103
4282,0.44616103
4283,0.44616103
4291,0.44616103
4304,0.44616103
4306,0.44616103
4309,0.44616103
4310,0.44616103
4313,0.44616103
4314,0.44616103
4315,0.44616103
4321,0.44616103
4324,0.44616103
4325,0.44616103
4328,0.44616103
4329,0.44616103
4332,0.44616103
4337,0.44616103
4342,0.44616103
4344,0.44616103
4352,0.44616103
4355,0.44616103
4366,0.44616103
4371,0.44616103
4372,0.44616103
4376,0.44616103
4384,0.44616103
4387,0.44616103
4389,0.44616103
4390,0.44616103
4406,0.44616103
4407,0.44616103
4409,0.44616103
4410,0.44616103
4424,0.44616103
4434,0.44616103
4452,0.44616103
4460,0.44616103
4470,0.44616103
4480,0.44616103
4496,0.44616103
4503,0.44616103
4512,0.44616103
4518,0.44616103
4519,0.44616103
4522,0.44616103
4525,0.44616103
4537,0.44616103
4546,0.44616103
4547,0.44616103
4553,0.44616103
4556,0.44616103
4558,0.44616103
4563,0.44616103
4568,0.44616103
4574,0.44616103
4578,0.44616103
4587,0.44616103
4592,0.44616103
4610,0.44616103
4615,0.44616103
4619,0.44616103
4620,0.44616103
4625,0.44616103
4635,0.44616103
4636,0.44616103
4641,0.44616103
4650,0.44616103
4653,0.44616103
4665,0.44616103
4668,0.44616103
4669,0.44616103
4670,0.44616103
4674,0.44616103
4675,0.44616103
4676,0.44616103
4679,0.44616103
4680,0.44616103
4686,0.44616103
4699,0.44616103
4713,0.44616103
4718,0.44616103
4721,0.44616103
4722,0.44616103
4724,0.44616103
4730,0.44616103
4731,0.44616103
4735,0.44616103
4743,0.44616103
4745,0.44616103
4746,0.44616103
4747,0.44616103
4748,0.44616103
4769,0.44616103
4771,0.44616103
4774,0.44616103
4784,0.44616103
4797,0.44616103
4801,0.44616103
4804,0.44616103
4820,0.44616103
4833,0.44616103
4834,0.44616103
4851,0.44616103
4859,0.44616103
4860,0.44616103
4863,0.44616103
4873,0.44616103
4881,0.44616103
4892,0.44616103
4908,0.44616103
4911,0.44616103
4915,0.44616103
4922,0.44616103
4929,0.44616103
4936,0.44616103
4939,0.44616103
4951,0.44616103
4956,0.44616103
4961,0.44616103
4964,0.44616103
4981,0.44616103
4991,0.44616103
4992,0.44616103
4997,0.44616103
5004,0.44616103
5010,0.44616103
5012,0.44616103
5015,0.44616103
5020,0.44616103
5030,0.44616103
5051,0.44616103
5052,0.44616103
5057,0.44616103
5058,0.44616103
5060,0.44616103
5061,0.44616103
5064,0.44616103
5078,0.44616103
5080,0.44616103
5088,0.44616103
5089,0.44616103
5090,0.44616103
5103,0.44616103
5108,0.44616103
5114,0.44616103
5115,0.44616103
5124,0.44616103
5137,0.44616103
5139,0.44616103
5144,0.44616103
5149,0.44616103
5157,0.44616103
5163,0.44616103
5174,0.44616103
5176,0.44616103
5179,0.44616103
5186,0.44616103
5203,0.44616103
5204,0.44616103
5206,0.44616103
5207,0.44616103
5220,0.44616103
5221,0.44616103
5224,0.44616103
5227,0.44616103
5229,0.44616103
5232,0.44616103
5240,0.44616103
5242,0.44616103
5243,0.44616103
5245,0.44616103
5248,0.44616103
5249,0.44616103
5254,0.44616103
5269,0.44616103
5272,0.44616103
5276,0.44616103
5286,0.44616103
5290,0.44616103
5308,0.44616103
5316,0.44616103
5318,0.44616103
5319,0.44616103
5320,0.44616103
5322,0.44616103
5324,0.44616103
5331,0.44616103
5336,0.44616103
5344,0.44616103
5354,0.44616103
5356,0.44616103
5358,0.44616103
5361,0.44616103
5365,0.44616103
5370,0.44616103
5376,0.44616103
5383,0.44616103
5384,0.44616103
5385,0.44616103
5393,0.44616103
5397,0.44616103
5398,0.44616103
5402,0.44616103
5407,0.44616103
5409,0.44616103
5425,0.44616103
5428,0.44616103
5430,0.44616103
5442,0.44616103
5447,0.44616103
5470,0.44616103
5485,0.44616103
5493,0.44616103
5502,0.44616103
5504,0.44616103
5517,0.44616103
5522,0.44616103
5527,0.44616103
5528,0.44616103
5536,0.44616103
5545,0.44616103
5576,0.44616103
5577,0.44616103
5592,0.44616103
5594,0.44616103
5595,0.44616103
5596,0.44616103
5599,0.44616103
5606,0.44616103
5617,0.44616103
5625,0.44616103
5626,0.44616103
5627,0.44616103
5642,0.44616103
5659,0.44616103
5664,0.44616103
5666,0.44616103
5671,0.44616103
5674,0.44616103
5677,0.44616103
5681,0.44616103
5683,0.44616103
5700,0.44616103
5713,0.44616103
5715,0.44616103
5718,0.44616103
5726,0.44616103
5738,0.44616103
5741,0.44616103
5743,0.44616103
5753,0.44616103
5761,0.44616103
5789,0.44616103
5797,0.44616103
5803,0.44616103
5810,0.44616103
5813,0.44616103
5817,0.44616103
5818,0.44616103
5822,0.44616103
5829,0.44616103
5846,0.44616103
5847,0.44616103
5854,0.44616103
5858,0.44616103
5863,0.44616103
5869,0.44616103
5870,0.44616103
5876,0.44616103
5881,0.44616103
5901,0.44616103
5922,0.44616103
5928,0.44616103
5933,0.44616103
5934,0.44616103
5946,0.44616103
5951,0.44616103
5955,0.44616103
5956,0.44616103
5965,0.44616103
5972,0.44616103
5981,0.44616103
5997,0.44616103
6005,0.44616103
6009,0.44616103
6010,0.44616103
6015,0.44616103
6039,0.44616103
6047,0.44616103
6051,0.44616103
6056,0.44616103
6061,0.44616103
6064,0.44616103
6065,0.44616103
6070,0.44616103
6085,0.44616103
6086,0.44616103
6091,0.44616103
6097,0.44616103
6099,0.44616103
6104,0.44616103
6108,0.44616103
6109,0.44616103
6124,0.44616103
6142,0.44616103
6144,0.44616103
6150,0.44616103
6154,0.44616103
6155,0.44616103
6156,0.44616103
6158,0.44616103
6159,0.44616103
6169,0.44616103
6170,0.44616103
6179,0.44616103
6184,0.44616103
6186,0.44616103
6204,0.44616103
6230,0.44616103
6231,0.44616103
6232,0.44616103
6235,0.44616103
6237,0.44616103
6239,0.44616103
6263,0.44616103
6265,0.44616103
6270,0.44616103
6271,0.44616103
6278,0.44616103
6279,0.44616103
6288,0.44616103
6294,0.44616103
6295,0.44616103
6302,0.44616103
6306,0.44616103
6322,0.44616103
6324,0.44616103
6327,0.44616103
6331,0.44616103
6334,0.44616103
6338,0.44616103
6339,0.44616103
6362,0.44616103
6372,0.44616103
6375,0.44616103
6393,0.44616103
6394,0.44616103
6405,0.44616103
6406,0.44616103
6416,0.44616103
6421,0.44616103
6422,0.44616103
6440,0.44616103
6457,0.44616103
6460,0.44616103
6463,0.44616103
6474,0.44616103
6476,0.44616103
6477,0.44616103
6482,0.44616103
6488,0.44616103
6489,0.44616103
6494,0.44616103
6499,0.44616103
6507,0.44616103
6524,0.44616103
6527,0.44616103
6531,0.44616103
6536,0.44616103
6538,0.44616103
6542,0.44616103
6565,0.44616103
6584,0.44616103
6588,0.44616103
6597,0.44616103
6603,0.44616103
6609,0.44616103
6613,0.44616103
6622,0.44616103
6630,0.44616103
6637,0.44616103
6639,0.44616103
6640,0.44616103
6646,0.44616103
6647,0.44616103
6648,0.44616103
6669,0.44616103
6680,0.44616103
6681,0.44616103
6684,0.44616103
6693,0.44616103
6694,0.44616103
6704,0.44616103
6706,0.44616103
6710,0.44616103
6713,0.44616103
6718,0.44616103
6732,0.44616103
6737,0.44616103
6739,0.44616103
6742,0.44616103
6746,0.44616103
6753,0.44616103
6771,0.44616103
6784,0.44616103
6790,0.44616103
6795,0.44616103
6807,0.44616103
6808,0.44616103
6818,0.44616103
6823,0.44616103
6830,0.44616103
6831,0.44616103
6832,0.44616103
6836,0.44616103
6846,0.44616103
6850,0.44616103
6854,0.44616103
6868,0.44616103
6876,0.44616103
6877,0.44616103
6881,0.44616103
6882,0.44616103
6884,0.44616103
6886,0.44616103
6901,0.44616103
6910,0.44616103
6913,0.44616103
6914,0.44616103
6918,0.44616103
6930,0.44616103
6941,0.44616103
6944,0.44616103
6945,0.44616103
6947,0.44616103
6949,0.44616103
6952,0.44616103
6963,0.44616103
6964,0.44616103
6972,0.44616103
6979,0.44616103
6981,0.44616103
6988,0.44616103
6990,0.44616103
6998,0.44616103
7004,0.44616103
7016,0.44616103
7027,0.44616103
7042,0.44616103
7056,0.44616103
7061,0.44616103
7069,0.44616103
7071,0.44616103
7088,0.44616103
7099,0.44616103
7108,0.44616103
7121,0.44616103
7125,0.44616103
7136,0.44616103
7149,0.44616103
7150,0.44616103
7151,0.44616103
7167,0.44616103
7177,0.44616103
7178,0.44616103
7183,0.44616103
7186,0.44616103
7190,0.44616103
7201,0.44616103
7202,0.44616103
7207,0.44616103
7213,0.44616103
7224,0.44616103
7225,0.44616103
7233,0.44616103
7239,0.44616103
7246,0.44616103
7248,0.44616103
7261,0.44616103
7264,0.44616103
7266,0.44616103
7274,0.44616103
7279,0.44616103
7293,0.44616103
7315,0.44616103
7322,0.44616103
7326,0.44616103
7341,0.44616103
7363,0.44616103
7365,0.44616103
7371,0.44616103
7377,0.44616103
7393,0.44616103
7405,0.44616103
7410,0.44616103
7434,0.44616103
7438,0.44616103
7447,0.44616103
7450,0.44616103
7452,0.44616103
7453,0.44616103
7455,0.44616103
7456,0.44616103
7457,0.44616103
7466,0.44616103
7470,0.44616103
7474,0.44616103
7487,0.44616103
7488,0.44616103
7492,0.44616103
7496,0.44616103
7501,0.44616103
7505,0.44616103
7512,0.44616103
7526,0.44616103
7536,0.44616103
7538,0.44616103
7539,0.44616103
7544,0.44616103
7554,0.44616103
7564,0.44616103
7566,0.44616103
7580,0.44616103
7581,0.44616103
7584,0.44616103
7587,0.44616103
7589,0.44616103
7590,0.44616103
7594,0.44616103
7597,0.44616103
7602,0.44616103
7603,0.44616103
7605,0.44616103
7609,0.44616103
7613,0.44616103
7619,0.44616103
7625,0.44616103
7626,0.44616103
7636,0.44616103
7639,0.44616103
7641,0.44616103
7643,0.44616103
7644,0.44616103
7657,0.44616103
7661,0.44616103
7666,0.44616103
7673,0.44616103
7683,0.44616103
7685,0.44616103
7699,0.44616103
7704,0.44616103
7705,0.44616103
7708,0.44616103
7728,0.44616103
7733,0.44616103
7741,0.44616103
7743,0.44616103
7745,0.44616103
7754,0.44616103
7756,0.44616103
7757,0.44616103
7770,0.44616103
7773,0.44616103
7774,0.44616103
7776,0.44616103
7777,0.44616103
7778,0.44616103
7781,0.44616103
7784,0.44616103
7789,0.44616103
7794,0.44616103
7799,0.44616103
7801,0.44616103
7818,0.44616103
7823,0.44616103
7828,0.44616103
7832,0.44616103
7839,0.44616103
7851,0.44616103
7856,0.44616103
7868,0.44616103
7869,0.44616103
7872,0.44616103
7874,0.44616103
7878,0.44616103
7888,0.44616103
7913,0.44616103
7923,0.44616103
7925,0.44616103
7926,0.44616103
7938,0.44616103
7942,0.44616103
7945,0.44616103
7954,0.44616103
7963,0.44616103
7969,0.44616103
7970,0.44616103
7977,0.44616103
7981,0.44616103
7990,0.44616103
8020,0.44616103
8023,0.44616103
8025,0.44616103
8034,0.44616103
8039,0.44616103
8046,0.44616103
8051,0.44616103
8055,0.44616103
8060,0.44616103
8063,0.44616103
8073,0.44616103
8074,0.44616103
8076,0.44616103
8080,0.44616103
8088,0.44616103
8102,0.44616103
8103,0.44616103
8104,0.44616103
8105,0.44616103
8109,0.44616103
8115,0.44616103
8121,0.44616103
8126,0.44616103
8135,0.44616103
8153,0.44616103
8156,0.44616103
8160,0.44616103
8161,0.44616103
8162,0.44616103
8171,0.44616103
8181,0.44616103
8183,0.44616103
8185,0.44616103
8191,0.44616103
8203,0.44616103
8204,0.44616103
8207,0.44616103
8208,0.44616103
8209,0.44616103
8210,0.44616103
8225,0.44616103
8226,0.44616103
8231,0.44616103
8233,0.44616103
8244,0.44616103
8250,0.44616103
8261,0.44616103
8265,0.44616103
8278,0.44616103
8279,0.44616103
8280,0.44616103
8296,0.44616103
8299,0.44616103
8300,0.44616103
8301,0.44616103
8305,0.44616103
8327,0.44616103
8334,0.44616103
8349,0.44616103
8355,0.44616103
8361,0.44616103
8362,0.44616103
8364,0.44616103
8365,0.44616103
8375,0.44616103
8378,0.44616103
8380,0.44616103
8381,0.44616103
8387,0.44616103
8399,0.44616103
8402,0.44616103
8409,0.44616103
8433,0.44616103
8436,0.44616103
8442,0.44616103
8448,0.44616103
8464,0.44616103
8469,0.44616103
8474,0.44616103
8478,0.44616103
8482,0.44616103
8490,0.44616103
8510,0.44616103
8511,0.44616103
8527,0.44616103
8532,0.44616103
8533,0.44616103
8538,0.44616103
8541,0.44616103
8545,0.44616103
8553,0.44616103
8554,0.44616103
8555,0.44616103
8569,0.44616103
8586,0.44616103
8593,0.44616103
8600,0.44616103
8606,0.44616103
8607,0.44616103
8611,0.44616103
8613,0.44616103
8618,0.44616103
8630,0.44616103
8637,0.44616103
8650,0.44616103
8652,0.44616103
8661,0.44616103
8669,0.44616103
8673,0.44616103
8674,0.44616103
8678,0.44616103
8682,0.44616103
8688,0.44616103
8689,0.44616103
8695,0.44616103
8698,0.44616103
8703,0.44616103
8709,0.44616103
8716,0.44616103
8723,0.44616103
8737,0.44616103
8753,0.44616103
8773,0.44616103
8774,0.44616103
8778,0.44616103
8786,0.44616103
8794,0.44616103
8795,0.44616103
8800,0.44616103
8804,0.44616103
8808,0.44616103
8809,0.44616103
8817,0.44616103
8818,0.44616103
8825,0.44616103
8830,0.44616103
8833,0.44616103
8834,0.44616103
8836,0.44616103
8837,0.44616103
8844,0.44616103
8851,0.44616103
8861,0.44616103
8864,0.44616103
8865,0.44616103
8869,0.44616103
8873,0.44616103
8880,0.44616103
8884,0.44616103
8888,0.44616103
8889,0.44616103
8891,0.44616103
8893,0.44616103
8897,0.44616103
8905,0.44616103
8910,0.44616103
8918,0.44616103
8939,0.44616103
8940,0.44616103
8941,0.44616103
8944,0.44616103
8949,0.44616103
8950,0.44616103
8958,0.44616103
8967,0.44616103
8975,0.44616103
8979,0.44616103
8980,0.44616103
8991,0.44616103
8995,0.44616103
8996,0.44616103
8998,0.44616103
9000,0.44616103
9001,0.44616103
9002,0.44616103
9024,0.44616103
9026,0.44616103
9027,0.44616103
9034,0.44616103
9038,0.44616103
9050,0.44616103
9052,0.44616103
9054,0.44616103
9078,0.44616103
9097,0.44616103
9109,0.44616103
9112,0.44616103
9115,0.44616103
9125,0.44616103
9132,0.44616103
9136,0.44616103
9139,0.44616103
9140,0.44616103
9142,0.44616103
9143,0.44616103
9147,0.44616103
9159,0.44616103
9165,0.44616103
9172,0.44616103
9177,0.44616103
9179,0.44616103
9185,0.44616103
9196,0.44616103
9201,0.44616103
9209,0.44616103
9210,0.44616103
9212,0.44616103
9214,0.44616103
9240,0.44616103
9241,0.44616103
9244,0.44616103
9249,0.44616103
9250,0.44616103
9255,0.44616103
9258,0.44616103
9263,0.44616103
9266,0.44616103
9269,0.44616103
9272,0.44616103
9276,0.44616103
9290,0.44616103
9299,0.44616103
9303,0.44616103
9310,0.44616103
9311,0.44616103
9314,0.44616103
9315,0.44616103
9325,0.44616103
9328,0.44616103
9329,0.44616103
9332,0.44616103
9337,0.44616103
9353,0.44616103
9355,0.44616103
9356,0.44616103
9362,0.44616103
9364,0.44616103
9366,0.44616103
9387,0.44616103
9388,0.44616103
9396,0.44616103
9400,0.44616103
9406,0.44616103
9411,0.44616103
9416,0.44616103
9417,0.44616103
9423,0.44616103
9425,0.44616103
9426,0.44616103
9427,0.44616103
9429,0.44616103
9430,0.44616103
9434,0.44616103
9442,0.44616103
9458,0.44616103
9476,0.44616103
9481,0.44616103
9483,0.44616103
9484,0.44616103
9487,0.44616103
9488,0.44616103
9490,0.44616103
9502,0.44616103
9505,0.44616103
9509,0.44616103
9515,0.44616103
9516,0.44616103
9532,0.44616103
9539,0.44616103
9542,0.44616103
9549,0.44616103
9550,0.44616103
9553,0.44616103
9554,0.44616103
9561,0.44616103
9566,0.44616103
9571,0.44616103
9577,0.44616103
9584,0.44616103
9592,0.44616103
9596,0.44616103
9602,0.44616103
9603,0.44616103
9604,0.44616103
9608,0.44616103
9609,0.44616103
9613,0.44616103
9623,0.44616103
9630,0.44616103
9633,0.44616103
9648,0.44616103
9665,0.44616103
9668,0.44616103
9678,0.44616103
9679,0.44616103
9693,0.44616103
9718,0.44616103
9720,0.44616103
9744,0.44616103
9745,0.44616103
9746,0.44616103
9753,0.44616103
9758,0.44616103
9759,0.44616103
9763,0.44616103
9766,0.44616103
9767,0.44616103
9777,0.44616103
9781,0.44616103
9789,0.44616103
9790,0.44616103
9799,0.44616103
9802,0.44616103
9805,0.44616103
9807,0.44616103
9812,0.44616103
9818,0.44616103
9820,0.44616103
9822,0.44616103
9824,0.44616103
9834,0.44616103
9836,0.44616103
9847,0.44616103
9864,0.44616103
9869,0.44616103
9875,0.44616103
9880,0.44616103
9889,0.44616103
9894,0.44616103
9909,0.44616103
9915,0.44616103
9919,0.44616103
9920,0.44616103
9940,0.44616103
9946,0.44616103
9958,0.44616103
9959,0.44616103
9973,0.44616103
9976,0.44616103
9978,0.44616103
9982,0.44616103
9987,0.44616103
9988,0.44616103
9992,0.44616103
10000,0.44616103
10002,0.44616103
10005,0.44616103
10008,0.44616103
10009,0.44616103
10011,0.44616103
10021,0.44616103
10022,0.44616103
10053,0.44616103
10074,0.44616103
10076,0.44616103
10090,0.44616103
10092,0.44616103
10099,0.44616103
10102,0.44616103
10103,0.44616103
10106,0.44616103
10108,0.44616103
10113,0.44616103
10119,0.44616103
10122,0.44616103
10125,0.44616103
10140,0.44616103
10155,0.44616103
10159,0.44616103
10164,0.44616103
10175,0.44616103
10176,0.44616103
10178,0.44616103
10186,0.44616103
10200,0.44616103
10204,0.44616103
10206,0.44616103
10211,0.44616103
10212,0.44616103
10217,0.44616103
10220,0.44616103
10230,0.44616103
10234,0.44616103
10235,0.44616103
10239,0.44616103
10240,0.44616103
10242,0.44616103
10245,0.44616103
10246,0.44616103
10247,0.44616103
10250,0.44616103
10254,0.44616103
10257,0.44616103
10260,0.44616103
10261,0.44616103
10265,0.44616103
10273,0.44616103
10274,0.44616103
10277,0.44616103
10289,0.44616103
10290,0.44616103
10298,0.44616103
10301,0.44616103
10304,0.44616103
10305,0.44616103
10313,0.44616103
10320,0.44616103
10323,0.44616103
10328,0.44616103
10332,0.44616103
10336,0.44616103
10343,0.44616103
10348,0.44616103
10350,0.44616103
10351,0.44616103
10354,0.44616103
10372,0.44616103
10373,0.44616103
10380,0.44616103
10383,0.44616103
10396,0.44616103
10397,0.44616103
10399,0.44616103
10400,0.44616103
10401,0.44616103
10402,0.44616103
10403,0.44616103
10410,0.44616103
10412,0.44616103
10415,0.44616103
10424,0.44616103
10428,0.44616103
10432,0.44616103
10462,0.44616103
10477,0.44616103
10482,0.44616103
10484,0.44616103
10493,0.44616103
10495,0.44616103
10497,0.44616103
10516,0.44616103
10521,0.44616103
10522,0.44616103
10523,0.44616103
10528,0.44616103
10530,0.44616103
10532,0.44616103
10533,0.44616103
10543,0.44616103
10547,0.44616103
10552,0.44616103
10558,0.44616103
10571,0.44616103
10572,0.44616103
10574,0.44616103
10583,0.44616103
10600,0.44616103
10607,0.44616103
10608,0.44616103
10614,0.44616103
10630,0.44616103
10634,0.44616103
10635,0.44616103
10641,0.44616103
10643,0.44616103
10644,0.44616103
10648,0.44616103
10669,0.44616103
10675,0.44616103
10686,0.44616103
10704,0.44616103
10707,0.44616103
10722,0.44616103
10736,0.44616103
10764,0.44616103
10767,0.44616103
10776,0.44616103
10779,0.44616103
10781,0.44616103
10792,0.44616103
10797,0.44616103
10798,0.44616103
10801,0.44616103
10802,0.44616103
10805,0.44616103
10808,0.44616103
10810,0.44616103
10816,0.44616103
10817,0.44616103
10829,0.44616103
10843,0.44616103
10858,0.44616103
10866,0.44616103
10876,0.44616103
10887,0.44616103
10891,0.44616103
10896,0.44616103
10900,0.44616103
10905,0.44616103
10907,0.44616103
10917,0.44616103
10936,0.44616103
10947,0.44616103
10948,0.44616103
10951,0.44616103
10955,0.44616103
10969,0.44616103
10984,0.44616103
10987,0.44616103
10990,0.44616103
10992,0.44616103
10996,0.44616103
10997,0.44616103
10999,0.44616103
11000,0.44616103
11001,0.44616103
11010,0.44616103
11016,0.44616103
11018,0.44616103
11034,0.44616103
11039,0.44616103
11041,0.44616103
11047,0.44616103
11053,0.44616103
11055,0.44616103
11056,0.44616103
11065,0.44616103
11068,0.44616103
11070,0.44616103
11071,0.44616103
11072,0.44616103
11079,0.44616103
11091,0.44616103
11094,0.44616103
11112,0.44616103
11113,0.44616103
11128,0.44616103
11153,0.44616103
11154,0.44616103
11163,0.44616103
11179,0.44616103
11181,0.44616103
11206,0.44616103
11216,0.44616103
11221,0.44616103
11223,0.44616103
11228,0.44616103
11235,0.44616103
11237,0.44616103
11244,0.44616103
11256,0.44616103
11267,0.44616103
11272,0.44616103
11281,0.44616103
11285,0.44616103
11288,0.44616103
11291,0.44616103
11293,0.44616103
11297,0.44616103
11298,0.44616103
11299,0.44616103
11301,0.44616103
11309,0.44616103
11331,0.44616103
11332,0.44616103
11337,0.44616103
11343,0.44616103
11347,0.44616103
11348,0.44616103
11355,0.44616103
11368,0.44616103
11369,0.44616103
11371,0.44616103
11378,0.44616103
11384,0.44616103
11387,0.44616103
11393,0.44616103
11399,0.44616103
11412,0.44616103
11431,0.44616103
11432,0.44616103
11444,0.44616103
11450,0.44616103
11451,0.44616103
11476,0.44616103
11488,0.44616103
11495,0.44616103
11505,0.44616103
11508,0.44616103
11518,0.44616103
11522,0.44616103
11524,0.44616103
11533,0.44616103
11549,0.44616103
11551,0.44616103
11560,0.44616103
11563,0.44616103
11565,0.44616103
11567,0.44616103
11569,0.44616103
11598,0.44616103
11604,0.44616103
11611,0.44616103
11617,0.44616103
11626,0.44616103
11642,0.44616103
11643,0.44616103
11648,0.44616103
11651,0.44616103
11663,0.44616103
11666,0.44616103
11685,0.44616103
11686,0.44616103
11698,0.44616103
11708,0.44616103
11711,0.44616103
11718,0.44616103
11742,0.44616103
11761,0.44616103
11767,0.44616103
11768,0.44616103
11775,0.44616103
11779,0.44616103
11786,0.44616103
11790,0.44616103
11791,0.44616103
11796,0.44616103
11806,0.44616103
11810,0.44616103
11811,0.44616103
11814,0.44616103
11816,0.44616103
11820,0.44616103
11822,0.44616103
11829,0.44616103
11832,0.44616103
11834,0.44616103
11836,0.44616103
11837,0.44616103
11844,0.44616103
11847,0.44616103
11864,0.44616103
11865,0.44616103
11872,0.44616103
11873,0.44616103
11886,0.44616103
11894,0.44616103
11905,0.44616103
11906,0.44616103
11907,0.44616103
11912,0.44616103
11914,0.44616103
11918,0.44616103
11924,0.44616103
11929,0.44616103
11930,0.44616103
11936,0.44616103
11937,0.44616103
11954,0.44616103
11957,0.44616103
11964,0.44616103
11968,0.44616103
11972,0.44616103
11976,0.44616103
11979,0.44616103
11981,0.44616103
11983,0.44616103
11989,0.44616103
11991,0.44616103
11998,0.44616103
12003,0.44616103
12007,0.44616103
12011,0.44616103
12014,0.44616103
12024,0.44616103
12033,0.44616103
12034,0.44616103
12041,0.44616103
12046,0.44616103
12056,0.44616103
12064,0.44616103
12069,0.44616103
12070,0.44616103
12071,0.44616103
12072,0.44616103
12078,0.44616103
12091,0.44616103
12092,0.44616103
12094,0.44616103
12098,0.44616103
12103,0.44616103
12115,0.44616103
12118,0.44616103
12122,0.44616103
12125,0.44616103
12133,0.44616103
12137,0.44616103
12141,0.44616103
12143,0.44616103
12144,0.44616103
12154,0.44616103
12163,0.44616103
12170,0.44616103
12193,0.44616103
12196,0.44616103
12206,0.44616103
12209,0.44616103
12214,0.44616103
12228,0.44616103
12233,0.44616103
12238,0.44616103
12242,0.44616103
12245,0.44616103
12247,0.44616103
12251,0.44616103
12287,0.44616103
12292,0.44616103
12304,0.44616103
12317,0.44616103
12320,0.44616103
12323,0.44616103
12328,0.44616103
12333,0.44616103
12334,0.44616103
12335,0.44616103
12352,0.44616103
12358,0.44616103
12364,0.44616103
12376,0.44616103
12396,0.44616103
12402,0.44616103
12406,0.44616103
12408,0.44616103
12410,0.44616103
12413,0.44616103
12417,0.44616103
12424,0.44616103
12425,0.44616103
12426,0.44616103
12430,0.44616103
12432,0.44616103
12433,0.44616103
12451,0.44616103
12457,0.44616103
12465,0.44616103
12468,0.44616103
12474,0.44616103
12475,0.44616103
12486,0.44616103
12487,0.44616103
12514,0.44616103
12524,0.44616103
12526,0.44616103
12530,0.44616103
12532,0.44616103
12593,0.44616103
12599,0.44616103
12600,0.44616103
12603,0.44616103
12624,0.44616103
12630,0.44616103
12638,0.44616103
12641,0.44616103
12643,0.44616103
12656,0.44616103
12666,0.44616103
12673,0.44616103
12675,0.44616103
12678,0.44616103
12692,0.44616103
12693,0.44616103
12707,0.44616103
12711,0.44616103
12716,0.44616103
12717,0.44616103
12723,0.44616103
12738,0.44616103
12742,0.44616103
12746,0.44616103
12753,0.44616103
12758,0.44616103
12760,0.44616103
12763,0.44616103
12764,0.44616103
12768,0.44616103
12776,0.44616103
12777,0.44616103
12783,0.44616103
12804,0.44616103
12824,0.44616103
12839,0.44616103
12847,0.44616103
12850,0.44616103
12867,0.44616103
12883,0.44616103
12887,0.44616103
12890,0.44616103
12903,0.44616103
12906,0.44616103
12907,0.44616103
12909,0.44616103
12912,0.44616103
12915,0.44616103
12930,0.44616103
12931,0.44616103
12934,0.44616103
12951,0.44616103
12955,0.44616103
12973,0.44616103
12988,0.44616103
12999,0.44616103
13015,0.44616103
13026,0.44616103
13036,0.44616103
13039,0.44616103
13040,0.44616103
13041,0.44616103
13043,0.44616103
13057,0.44616103
13064,0.44616103
13068,0.44616103
13069,0.44616103
13073,0.44616103
13079,0.44616103
13086,0.44616103
13089,0.44616103
13093,0.44616103
13097,0.44616103
13098,0.44616103
13105,0.44616103
13107,0.44616103
13108,0.44616103
13110,0.44616103
13112,0.44616103
13114,0.44616103
13118,0.44616103
13127,0.44616103
13129,0.44616103
13142,0.44616103
13146,0.44616103
13149,0.44616103
13157,0.44616103
13158,0.44616103
13159,0.44616103
13161,0.44616103
13162,0.44616103
13166,0.44616103
13168,0.44616103
13170,0.44616103
13186,0.44616103
13191,0.44616103
13203,0.44616103
13209,0.44616103
13212,0.44616103
13213,0.44616103
13222,0.44616103
13229,0.44616103
13234,0.44616103
13257,0.44616103
13258,0.44616103
13268,0.44616103
13270,0.44616103
13291,0.44616103
13292,0.44616103
13299,0.44616103
13307,0.44616103
13309,0.44616103
13311,0.44616103
13312,0.44616103
13322,0.44616103
13324,0.44616103
13330,0.44616103
13338,0.44616103
13344,0.44616103
13348,0.44616103
13355,0.44616103
13365,0.44616103
13368,0.44616103
13370,0.44616103
13372,0.44616103
13377,0.44616103
13385,0.44616103
13389,0.44616103
13393,0.44616103
13395,0.44616103
13404,0.44616103
13411,0.44616103
13416,0.44616103
13434,0.44616103
13435,0.44616103
13445,0.44616103
13446,0.44616103
13451,0.44616103
13462,0.44616103
13464,0.44616103
13466,0.44616103
13471,0.44616103
13472,0.44616103
13477,0.44616103
13481,0.44616103
13484,0.44616103
13490,0.44616103
13492,0.44616103
13500,0.44616103
13508,0.44616103
13516,0.44616103
13525,0.44616103
13526,0.44616103
13530,0.44616103
13532,0.44616103
13538,0.44616103
13546,0.44616103
13548,0.44616103
13550,0.44616103
13551,0.44616103
13564,0.44616103
13566,0.44616103
13570,0.44616103
13580,0.44616103
13585,0.44616103
13588,0.44616103
13592,0.44616103
13594,0.44616103
13609,0.44616103
13610,0.44616103
13613,0.44616103
13625,0.44616103
13626,0.44616103
13639,0.44616103
13645,0.44616103
13647,0.44616103
13648,0.44616103
13652,0.44616103
13654,0.44616103
13664,0.44616103
13673,0.44616103
13684,0.44616103
13690,0.44616103
13693,0.44616103
13696,0.44616103
13700,0.44616103
13701,0.44616103
13707,0.44616103
13713,0.44616103
13714,0.44616103
13716,0.44616103
13720,0.44616103
13727,0.44616103
13733,0.44616103
13738,0.44616103
13757,0.44616103
13759,0.44616103
13761,0.44616103
13767,0.44616103
13782,0.44616103
13786,0.44616103
13787,0.44616103
13792,0.44616103
13795,0.44616103
13798,0.44616103
13807,0.44616103
13809,0.44616103
13811,0.44616103
13815,0.44616103
13817,0.44616103
13818,0.44616103
13822,0.44616103
13824,0.44616103
13829,0.44616103
13832,0.44616103
13840,0.44616103
13841,0.44616103
13868,0.44616103
13871,0.44616103
13880,0.44616103
13888,0.44616103
13890,0.44616103
13891,0.44616103
13895,0.44616103
13907,0.44616103
13910,0.44616103
13912,0.44616103
13913,0.44616103
13923,0.44616103
13929,0.44616103
13936,0.44616103
13946,0.44616103
13950,0.44616103
13951,0.44616103
13954,0.44616103
13958,0.44616103
13969,0.44616103
13980,0.44616103
13981,0.44616103
13986,0.44616103
13987,0.44616103
13989,0.44616103
13992,0.44616103
13994,0.44616103
14001,0.44616103
14002,0.44616103
14004,0.44616103
14006,0.44616103
14012,0.44616103
14021,0.44616103
14024,0.44616103
14045,0.44616103
14047,0.44616103
14057,0.44616103
14059,0.44616103
14060,0.44616103
14068,0.44616103
14070,0.44616103
14074,0.44616103
14076,0.44616103
14089,0.44616103
14115,0.44616103
14116,0.44616103
14128,0.44616103
14131,0.44616103
14134,0.44616103
14137,0.44616103
14138,0.44616103
14139,0.44616103
14152,0.44616103
14153,0.44616103
14155,0.44616103
14156,0.44616103
14164,0.44616103
14165,0.44616103
14171,0.44616103
14174,0.44616103
14181,0.44616103
14186,0.44616103
14192,0.44616103
14201,0.44616103
14210,0.44616103
14214,0.44616103
14231,0.44616103
14236,0.44616103
14241,0.44616103
14245,0.44616103
14249,0.44616103
14251,0.44616103
14262,0.44616103
14265,0.44616103
14267,0.44616103
14270,0.44616103
14276,0.44616103
14279,0.44616103
14281,0.44616103
14289,0.44616103
14290,0.44616103
14293,0.44616103
14295,0.44616103
14297,0.44616103
14298,0.44616103
14310,0.44616103
14312,0.44616103
14315,0.44616103
14318,0.44616103
14319,0.44616103
14325,0.44616103
14331,0.44616103
14334,0.44616103
14341,0.44616103
14343,0.44616103
14344,0.44616103
14346,0.44616103
14347,0.44616103
14349,0.44616103
14352,0.44616103
14358,0.44616103
14361,0.44616103
14363,0.44616103
14374,0.44616103
14376,0.44616103
14381,0.44616103
14398,0.44616103
14410,0.44616103
14412,0.44616103
14415,0.44616103
14423,0.44616103
14425,0.44616103
14436,0.44616103
14444,0.44616103
14455,0.44616103
14465,0.44616103
14469,0.44616103
14471,0.44616103
14475,0.44616103
14479,0.44616103
14480,0.44616103
14488,0.44616103
14491,0.44616103
14501,0.44616103
14520,0.44616103
14522,0.44616103
14523,0.44616103
14537,0.44616103
14538,0.44616103
14550,0.44616103
14561,0.44616103
14575,0.44616103
14586,0.44616103
14592,0.44616103
14601,0.44616103
14602,0.44616103
14604,0.44616103
14606,0.44616103
14627,0.44616103
14641,0.44616103
14652,0.44616103
14662,0.44616103
14665,0.44616103
14673,0.44616103
14675,0.44616103
14679,0.44616103
14683,0.44616103
14686,0.44616103
14705,0.44616103
14708,0.44616103
14709,0.44616103
14710,0.44616103
14715,0.44616103
14717,0.44616103
14723,0.44616103
14725,0.44616103
14727,0.44616103
14728,0.44616103
14735,0.44616103
14746,0.44616103
14752,0.44616103
14757,0.44616103
14762,0.44616103
14763,0.44616103
14797,0.44616103
14812,0.44616103
14818,0.44616103
14825,0.44616103
14827,0.44616103
14829,0.44616103
14830,0.44616103
14837,0.44616103
14849,0.44616103
14863,0.44616103
14869,0.44616103
14882,0.44616103
14884,0.44616103
14886,0.44616103
14888,0.44616103
14890,0.44616103
14904,0.44616103
14938,0.44616103
14952,0.44616103
14958,0.44616103
14963,0.44616103
14979,0.44616103
14980,0.44616103
14986,0.44616103
14988,0.44616103
15003,0.44616103
15006,0.44616103
15009,0.44616103
15015,0.44616103
15024,0.44616103
15030,0.44616103
15036,0.44616103
15038,0.44616103
15039,0.44616103
15047,0.44616103
15049,0.44616103
15056,0.44616103
15068,0.44616103
15070,0.44616103
15073,0.44616103
15081,0.44616103
15084,0.44616103
15088,0.44616103
15092,0.44616103
15095,0.44616103
15097,0.44616103
15098,0.44616103
15115,0.44616103
15120,0.44616103
15126,0.44616103
15133,0.44616103
15143,0.44616103
15156,0.44616103
15164,0.44616103
15178,0.44616103
15198,0.44616103
15200,0.44616103
15208,0.44616103
15214,0.44616103
15218,0.44616103
15231,0.44616103
15238,0.44616103
15239,0.44616103
15240,0.44616103
15249,0.44616103
15256,0.44616103
15260,0.44616103
15290,0.44616103
15307,0.44616103
15308,0.44616103
15321,0.44616103
15323,0.44616103
15325,0.44616103
15342,0.44616103
15346,0.44616103
15349,0.44616103
15354,0.44616103
15362,0.44616103
15379,0.44616103
15383,0.44616103
15394,0.44616103
15401,0.44616103
15405,0.44616103
15407,0.44616103
15412,0.44616103
15413,0.44616103
15415,0.44616103
15427,0.44616103
15430,0.44616103
15436,0.44616103
15439,0.44616103
15443,0.44616103
15444,0.44616103
15445,0.44616103
15450,0.44616103
15456,0.44616103
15465,0.44616103
15466,0.44616103
15470,0.44616103
15474,0.44616103
15476,0.44616103
15482,0.44616103
15492,0.44616103
15510,0.44616103
15519,0.44616103
15523,0.44616103
15535,0.44616103
15561,0.44616103
15564,0.44616103
15566,0.44616103
15579,0.44616103
15580,0.44616103
15581,0.44616103
15587,0.44616103
15589,0.44616103
15591,0.44616103
15597,0.44616103
15620,0.44616103
15627,0.44616103
15636,0.44616103
15653,0.44616103
15662,0.44616103
15664,0.44616103
15666,0.44616103
15667,0.44616103
15674,0.44616103
15692,0.44616103
15715,0.44616103
15736,0.44616103
15744,0.44616103
15746,0.44616103
15758,0.44616103
15760,0.44616103
15766,0.44616103
15767,0.44616103
15789,0.44616103
15810,0.44616103
15818,0.44616103
15820,0.44616103
15830,0.44616103
15844,0.44616103
15850,0.44616103
15857,0.44616103
15863,0.44616103
15869,0.44616103
15872,0.44616103
15873,0.44616103
15884,0.44616103
15885,0.44616103
15891,0.44616103
15898,0.44616103
15900,0.44616103
15932,0.44616103
15940,0.44616103
15944,0.44616103
15945,0.44616103
15963,0.44616103
15970,0.44616103
15977,0.44616103
15982,0.44616103
15985,0.44616103
15995,0.44616103
16004,0.44616103
16005,0.44616103
16011,0.44616103
16019,0.44616103
16021,0.44616103
16051,0.44616103
16065,0.44616103
16066,0.44616103
16076,0.44616103
16091,0.44616103
16094,0.44616103
16101,0.44616103
16104,0.44616103
16113,0.44616103
16114,0.44616103
16115,0.44616103
16127,0.44616103
16128,0.44616103
16138,0.44616103
16139,0.44616103
16142,0.44616103
16144,0.44616103
16148,0.44616103
16151,0.44616103
16156,0.44616103
16165,0.44616103
16166,0.44616103
16179,0.44616103
16193,0.44616103
16196,0.44616103
16198,0.44616103
16210,0.44616103
16232,0.44616103
16237,0.44616103
16240,0.44616103
16252,0.44616103
16259,0.44616103
16262,0.44616103
16263,0.44616103
16270,0.44616103
16272,0.44616103
16290,0.44616103
16295,0.44616103
16297,0.44616103
16299,0.44616103
16300,0.44616103
16302,0.44616103
16303,0.44616103
16305,0.44616103
16309,0.44616103
16312,0.44616103
16320,0.44616103
16326,0.44616103
16327,0.44616103
16338,0.44616103
16342,0.44616103
16346,0.44616103
16348,0.44616103
16355,0.44616103
16356,0.44616103
16378,0.44616103
16382,0.44616103
16391,0.44616103
16392,0.44616103
16395,0.44616103
16399,0.44616103
16403,0.44616103
16408,0.44616103
16413,0.44616103
16415,0.44616103
16417,0.44616103
16420,0.44616103
16431,0.44616103
16439,0.44616103
16444,0.44616103
16446,0.44616103
16451,0.44616103
16454,0.44616103
16461,0.44616103
16462,0.44616103
16469,0.44616103
16484,0.44616103
16486,0.44616103
16487,0.44616103
16491,0.44616103
16494,0.44616103
16507,0.44616103
16508,0.44616103
16519,0.44616103
16523,0.44616103
16526,0.44616103
16530,0.44616103
16532,0.44616103
16542,0.44616103
16550,0.44616103
16555,0.44616103
16558,0.44616103
16567,0.44616103
16576,0.44616103
16579,0.44616103
16595,0.44616103
16598,0.44616103
16600,0.44616103
16604,0.44616103
16605,0.44616103
16607,0.44616103
16610,0.44616103
16612,0.44616103
16617,0.44616103
16625,0.44616103
16632,0.44616103
16634,0.44616103
16650,0.44616103
16654,0.44616103
16655,0.44616103
16656,0.44616103
16657,0.44616103
16660,0.44616103
16662,0.44616103
16669,0.44616103
16675,0.44616103
16676,0.44616103
16678,0.44616103
16679,0.44616103
16693,0.44616103
16701,0.44616103
16715,0.44616103
16722,0.44616103
16724,0.44616103
16727,0.44616103
16735,0.44616103
16741,0.44616103
16752,0.44616103
16758,0.44616103
16765,0.44616103
16771,0.44616103
16785,0.44616103
16793,0.44616103
16800,0.44616103
16805,0.44616103
16809,0.44616103
16820,0.44616103
16827,0.44616103
16830,0.44616103
16843,0.44616103
16847,0.44616103
16855,0.44616103
16860,0.44616103
16862,0.44616103
16863,0.44616103
16872,0.44616103
16874,0.44616103
16876,0.44616103
16893,0.44616103
16895,0.44616103
16914,0.44616103
16917,0.44616103
16926,0.44616103
16930,0.44616103
16931,0.44616103
16932,0.44616103
16934,0.44616103
16937,0.44616103
16941,0.44616103
16942,0.44616103
16957,0.44616103
16962,0.44616103
16967,0.44616103
16968,0.44616103
16972,0.44616103
16974,0.44616103
16984,0.44616103
16987,0.44616103
16994,0.44616103
16995,0.44616103
16999,0.44616103
17034,0.44616103
17038,0.44616103
17040,0.44616103
17050,0.44616103
17068,0.44616103
17077,0.44616103
17079,0.44616103
17082,0.44616103
17085,0.44616103
17087,0.44616103
17099,0.44616103
17105,0.44616103
17108,0.44616103
17110,0.44616103
17111,0.44616103
17123,0.44616103
17124,0.44616103
17130,0.44616103
17138,0.44616103
17143,0.44616103
17157,0.44616103
17160,0.44616103
17166,0.44616103
17167,0.44616103
17179,0.44616103
17180,0.44616103
17189,0.44616103
17197,0.44616103
17219,0.44616103
17223,0.44616103
17225,0.44616103
17229,0.44616103
17234,0.44616103
17235,0.44616103
17239,0.44616103
17242,0.44616103
17243,0.44616103
17246,0.44616103
17247,0.44616103
17255,0.44616103
17258,0.44616103
17260,0.44616103
17264,0.44616103
17270,0.44616103
17271,0.44616103
17272,0.44616103
17285,0.44616103
17294,0.44616103
17297,0.44616103
17298,0.44616103
17299,0.44616103
17306,0.44616103
17324,0.44616103
17326,0.44616103
17330,0.44616103
17345,0.44616103
17351,0.44616103
17352,0.44616103
17372,0.44616103
17381,0.44616103
17385,0.44616103
17388,0.44616103
17390,0.44616103
17392,0.44616103
17399,0.44616103
17404,0.44616103
17407,0.44616103
17408,0.44616103
17416,0.44616103
17418,0.44616103
17434,0.44616103
17438,0.44616103
17443,0.44616103
17444,0.44616103
17453,0.44616103
17460,0.44616103
17467,0.44616103
17480,0.44616103
17488,0.44616103
17490,0.44616103
17493,0.44616103
17498,0.44616103
17503,0.44616103
17513,0.44616103
17520,0.44616103
17525,0.44616103
17534,0.44616103
17545,0.44616103
17553,0.44616103
17554,0.44616103
17557,0.44616103
17563,0.44616103
17576,0.44616103
17577,0.44616103
17580,0.44616103
17582,0.44616103
17596,0.44616103
17597,0.44616103
17602,0.44616103
17614,0.44616103
17623,0.44616103
17624,0.44616103
17627,0.44616103
17628,0.44616103
17630,0.44616103
17634,0.44616103
17640,0.44616103
17652,0.44616103
17657,0.44616103
17661,0.44616103
17662,0.44616103
17666,0.44616103
17682,0.44616103
17688,0.44616103
17693,0.44616103
17705,0.44616103
17711,0.44616103
17715,0.44616103
17717,0.44616103
17721,0.44616103
17728,0.44616103
17737,0.44616103
17745,0.44616103
17755,0.44616103
17764,0.44616103
17774,0.44616103
17785,0.44616103
17786,0.44616103
17789,0.44616103
17802,0.44616103
17810,0.44616103
17819,0.44616103
17825,0.44616103
17828,0.44616103
17833,0.44616103
17841,0.44616103
17842,0.44616103
17844,0.44616103
17849,0.44616103
17855,0.44616103
17857,0.44616103
17861,0.44616103
17863,0.44616103
17868,0.44616103
17876,0.44616103
17882,0.44616103
17885,0.44616103
17893,0.44616103
17894,0.44616103
17902,0.44616103
17906,0.44616103
17911,0.44616103
17917,0.44616103
17921,0.44616103
17941,0.44616103
17945,0.44616103
17949,0.44616103
17954,0.44616103
17957,0.44616103
17958,0.44616103
17960,0.44616103
17985,0.44616103
18000,0.44616103
18002,0.44616103
18008,0.44616103
18014,0.44616103
18015,0.44616103
18019,0.44616103
18021,0.44616103
18026,0.44616103
18029,0.44616103
18034,0.44616103
18035,0.44616103
18036,0.44616103
18039,0.44616103
18066,0.44616103
18076,0.44616103
18089,0.44616103
18104,0.44616103
18110,0.44616103
18129,0.44616103
18131,0.44616103
18133,0.44616103
18136,0.44616103
18148,0.44616103
18152,0.44616103
18167,0.44616103
18177,0.44616103
18178,0.44616103
18183,0.44616103
18194,0.44616103
18197,0.44616103
18213,0.44616103
18214,0.44616103
18221,0.44616103
18227,0.44616103
18239,0.44616103
18245,0.44616103
18266,0.44616103
18267,0.44616103
18274,0.44616103
18283,0.44616103
18297,0.44616103
18302,0.44616103
18303,0.44616103
18315,0.44616103
18324,0.44616103
18326,0.44616103
18334,0.44616103
18336,0.44616103
18344,0.44616103
18346,0.44616103
18347,0.44616103
18350,0.44616103
18352,0.44616103
18364,0.44616103
18366,0.44616103
18373,0.44616103
18391,0.44616103
18393,0.44616103
18395,0.44616103
18400,0.44616103
18408,0.44616103
18421,0.44616103
18425,0.44616103
18443,0.44616103
18451,0.44616103
18456,0.44616103
18458,0.44616103
18460,0.44616103
18467,0.44616103
18468,0.44616103
18475,0.44616103
18485,0.44616103
18494,0.44616103
18495,0.44616103
18508,0.44616103
18530,0.44616103
18533,0.44616103
18547,0.44616103
18548,0.44616103
18553,0.44616103
18561,0.44616103
18565,0.44616103
18572,0.44616103
18593,0.44616103
18600,0.44616103
18621,0.44616103
18629,0.44616103
18637,0.44616103
18649,0.44616103
18653,0.44616103
18660,0.44616103
18671,0.44616103
18672,0.44616103
18677,0.44616103
18681,0.44616103
18684,0.44616103
18686,0.44616103
18689,0.44616103
18690,0.44616103
18709,0.44616103
18716,0.44616103
18723,0.44616103
18773,0.44616103
18782,0.44616103
18797,0.44616103
18810,0.44616103
18817,0.44616103
18820,0.44616103
18825,0.44616103
18837,0.44616103
18850,0.44616103
18857,0.44616103
18861,0.44616103
18867,0.44616103
18870,0.44616103
18877,0.44616103
18887,0.44616103
18898,0.44616103
18900,0.44616103
18914,0.44616103
18921,0.44616103
18922,0.44616103
18945,0.44616103
18947,0.44616103
18953,0.44616103
18954,0.44616103
18957,0.44616103
18960,0.44616103
18973,0.44616103
18983,0.44616103
18990,0.44616103
18991,0.44616103
18993,0.44616103
18995,0.44616103
18996,0.44616103
19003,0.44616103
19014,0.44616103
19015,0.44616103
19019,0.44616103
19028,0.44616103
19038,0.44616103
19040,0.44616103
19046,0.44616103
19051,0.44616103
19054,0.44616103
19056,0.44616103
19074,0.44616103
19085,0.44616103
19099,0.44616103
19124,0.44616103
19134,0.44616103
19141,0.44616103
19146,0.44616103
19150,0.44616103
19170,0.44616103
19176,0.44616103
19187,0.44616103
19189,0.44616103
19202,0.44616103
19208,0.44616103
19209,0.44616103
19210,0.44616103
19216,0.44616103
19217,0.44616103
19218,0.44616103
19223,0.44616103
19240,0.44616103
19246,0.44616103
19269,0.44616103
19275,0.44616103
19287,0.44616103
19298,0.44616103
19303,0.44616103
19313,0.44616103
19325,0.44616103
19326,0.44616103
19328,0.44616103
19330,0.44616103
19340,0.44616103
19342,0.44616103
19343,0.44616103
19344,0.44616103
19363,0.44616103
19364,0.44616103
19371,0.44616103
19376,0.44616103
19377,0.44616103
19381,0.44616103
19384,0.44616103
19390,0.44616103
19402,0.44616103
19405,0.44616103
19409,0.44616103
19418,0.44616103
19429,0.44616103
19446,0.44616103
19458,0.44616103
19460,0.44616103
19462,0.44616103
19465,0.44616103
19472,0.44616103
19480,0.44616103
19503,0.44616103
19507,0.44616103
19517,0.44616103
19533,0.44616103
19537,0.44616103
19541,0.44616103
19563,0.44616103
19566,0.44616103
19568,0.44616103
19576,0.44616103
19591,0.44616103
19597,0.44616103
19619,0.44616103
19622,0.44616103
19623,0.44616103
19624,0.44616103
19627,0.44616103
19629,0.44616103
19633,0.44616103
19639,0.44616103
19641,0.44616103
19643,0.44616103
19649,0.44616103
19652,0.44616103
19657,0.44616103
19660,0.44616103
19668,0.44616103
19678,0.44616103
19686,0.44616103
19690,0.44616103
19694,0.44616103
19695,0.44616103
19702,0.44616103
19712,0.44616103
19720,0.44616103
19735,0.44616103
19739,0.44616103
19740,0.44616103
19743,0.44616103
19750,0.44616103
19752,0.44616103
19754,0.44616103
19762,0.44616103
19770,0.44616103
19775,0.44616103
19777,0.44616103
19782,0.44616103
19783,0.44616103
19786,0.44616103
19805,0.44616103
19808,0.44616103
19819,0.44616103
19821,0.44616103
19827,0.44616103
19830,0.44616103
19832,0.44616103
19833,0.44616103
19834,0.44616103
19843,0.44616103
19844,0.44616103
19846,0.44616103
19847,0.44616103
19850,0.44616103
19851,0.44616103
19861,0.44616103
19873,0.44616103
19878,0.44616103
19886,0.44616103
19892,0.44616103
19901,0.44616103
19902,0.44616103
19920,0.44616103
19921,0.44616103
19922,0.44616103
19929,0.44616103
19932,0.44616103
19935,0.44616103
19936,0.44616103
19946,0.44616103
19950,0.44616103
19952,0.44616103
19955,0.44616103
19976,0.44616103
19983,0.44616103
19987,0.44616103
19991,0.44616103
19996,0.44616103
20007,0.44616103
20015,0.44616103
20019,0.44616103
20023,0.44616103
20034,0.44616103
20036,0.44616103
20038,0.44616103
20039,0.44616103
20040,0.44616103
20045,0.44616103
20046,0.44616103
20048,0.44616103
20060,0.44616103
20068,0.44616103
20074,0.44616103
20111,0.44616103
20117,0.44616103
20125,0.44616103
20129,0.44616103
20134,0.44616103
20135,0.44616103
20139,0.44616103
20142,0.44616103
20147,0.44616103
20154,0.44616103
20157,0.44616103
20169,0.44616103
20179,0.44616103
20202,0.44616103
20207,0.44616103
20215,0.44616103
20216,0.44616103
20217,0.44616103
20218,0.44616103
20219,0.44616103
20226,0.44616103
20236,0.44616103
20239,0.44616103
20246,0.44616103
20247,0.44616103
20253,0.44616103
20255,0.44616103
20268,0.44616103
20270,0.44616103
20271,0.44616103
20279,0.44616103
20282,0.44616103
20295,0.44616103
20302,0.44616103
20305,0.44616103
20306,0.44616103
20308,0.44616103
20330,0.44616103
20335,0.44616103
20344,0.44616103
20349,0.44616103
20360,0.44616103
20362,0.44616103
20378,0.44616103
20394,0.44616103
20397,0.44616103
20403,0.44616103
20405,0.44616103
20415,0.44616103
20417,0.44616103
20420,0.44616103
20425,0.44616103
20430,0.44616103
20435,0.44616103
20443,0.44616103
20446,0.44616103
20458,0.44616103
20459,0.44616103
20467,0.44616103
20470,0.44616103
20482,0.44616103
20489,0.44616103
20495,0.44616103
20496,0.44616103
20497,0.44616103
20505,0.44616103
20509,0.44616103
20535,0.44616103
20539,0.44616103
20544,0.44616103
20547,0.44616103
20556,0.44616103
20557,0.44616103
20575,0.44616103
20577,0.44616103
20596,0.44616103
20597,0.44616103
20602,0.44616103
20603,0.44616103
20609,0.44616103
20618,0.44616103
20621,0.44616103
20628,0.44616103
20634,0.44616103
20637,0.44616103
20641,0.44616103
20642,0.44616103
20647,0.44616103
20655,0.44616103
20656,0.44616103
20661,0.44616103
20664,0.44616103
20674,0.44616103
20679,0.44616103
20680,0.44616103
20683,0.44616103
20687,0.44616103
20688,0.44616103
20695,0.44616103
20696,0.44616103
20699,0.44616103
20701,0.44616103
20702,0.44616103
20704,0.44616103
20721,0.44616103
20725,0.44616103
20731,0.44616103
20741,0.44616103
20742,0.44616103
20753,0.44616103
20756,0.44616103
20769,0.44616103
20771,0.44616103
20774,0.44616103
20777,0.44616103
20781,0.44616103
20797,0.44616103
20808,0.44616103
20810,0.44616103
20820,0.44616103
20823,0.44616103
20829,0.44616103
20832,0.44616103
20833,0.44616103
20837,0.44616103
20838,0.44616103
20839,0.44616103
20847,0.44616103
20861,0.44616103
20869,0.44616103
20875,0.44616103
20877,0.44616103
20889,0.44616103
20894,0.44616103
20901,0.44616103
20919,0.44616103
20923,0.44616103
20935,0.44616103
20937,0.44616103
20939,0.44616103
20940,0.44616103
20943,0.44616103
20946,0.44616103
20950,0.44616103
20961,0.44616103
20965,0.44616103
20967,0.44616103
20969,0.44616103
20970,0.44616103
20975,0.44616103
20987,0.44616103
20995,0.44616103
20998,0.44616103
21002,0.44616103
21012,0.44616103
21013,0.44616103
21015,0.44616103
21017,0.44616103
21020,0.44616103
21028,0.44616103
21031,0.44616103
21036,0.44616103
21040,0.44616103
21048,0.44616103
21049,0.44616103
21051,0.44616103
21070,0.44616103
21072,0.44616103
21079,0.44616103
21090,0.44616103
21093,0.44616103
21104,0.44616103
21114,0.44616103
21117,0.44616103
21120,0.44616103
21121,0.44616103
21132,0.44616103
21136,0.44616103
21139,0.44616103
21140,0.44616103
21146,0.44616103
21150,0.44616103
21178,0.44616103
21180,0.44616103
21198,0.44616103
21203,0.44616103
21210,0.44616103
21218,0.44616103
21220,0.44616103
21222,0.44616103
21228,0.44616103
21236,0.44616103
21239,0.44616103
21260,0.44616103
21267,0.44616103
21271,0.44616103
21279,0.44616103
21286,0.44616103
21288,0.44616103
21294,0.44616103
21298,0.44616103
21299,0.44616103
21300,0.44616103
21304,0.44616103
21307,0.44616103
21309,0.44616103
21311,0.44616103
21331,0.44616103
21332,0.44616103
21342,0.44616103
21345,0.44616103
21348,0.44616103
21353,0.44616103
21357,0.44616103
21369,0.44616103
21370,0.44616103
21371,0.44616103
21373,0.44616103
21385,0.44616103
21392,0.44616103
21401,0.44616103
21403,0.44616103
21406,0.44616103
21413,0.44616103
21414,0.44616103
21416,0.44616103
21423,0.44616103
21442,0.44616103
21443,0.44616103
21448,0.44616103
21459,0.44616103
21467,0.44616103
21474,0.44616103
21484,0.44616103
21488,0.44616103
21495,0.44616103
21498,0.44616103
21502,0.44616103
21503,0.44616103
21510,0.44616103
21516,0.44616103
21533,0.44616103
21535,0.44616103
21539,0.44616103
21541,0.44616103
21544,0.44616103
21554,0.44616103
21569,0.44616103
21572,0.44616103
21578,0.44616103
21580,0.44616103
21584,0.44616103
21589,0.44616103
21595,0.44616103
21598,0.44616103
21599,0.44616103
21606,0.44616103
21623,0.44616103
21639,0.44616103
21641,0.44616103
21645,0.44616103
21647,0.44616103
21648,0.44616103
21657,0.44616103
21671,0.44616103
21673,0.44616103
21678,0.44616103
21696,0.44616103
21699,0.44616103
21700,0.44616103
21703,0.44616103
21710,0.44616103
21721,0.44616103
21727,0.44616103
21728,0.44616103
21731,0.44616103
21741,0.44616103
21744,0.44616103
21748,0.44616103
21753,0.44616103
21756,0.44616103
21763,0.44616103
21767,0.44616103
21772,0.44616103
21774,0.44616103
21775,0.44616103
21780,0.44616103
21787,0.44616103
21805,0.44616103
21828,0.44616103
21831,0.44616103
21837,0.44616103
21842,0.44616103
21849,0.44616103
21856,0.44616103
21858,0.44616103
21862,0.44616103
21864,0.44616103
21867,0.44616103
21879,0.44616103
21881,0.44616103
21883,0.44616103
21891,0.44616103
21892,0.44616103
21902,0.44616103
21909,0.44616103
21914,0.44616103
21918,0.44616103
21919,0.44616103
21926,0.44616103
21930,0.44616103
21934,0.44616103
21940,0.44616103
21945,0.44616103
21948,0.44616103
21953,0.44616103
21954,0.44616103
21956,0.44616103
21963,0.44616103
21970,0.44616103
21984,0.44616103
21997,0.44616103
21999,0.44616103
22001,0.44616103
22002,0.44616103
22010,0.44616103
22013,0.44616103
22022,0.44616103
22024,0.44616103
22028,0.44616103
22029,0.44616103
22045,0.44616103
22049,0.44616103
22064,0.44616103
22069,0.44616103
22074,0.44616103
22082,0.44616103
22084,0.44616103
22090,0.44616103
22096,0.44616103
22100,0.44616103
22105,0.44616103
22119,0.44616103
22130,0.44616103
22152,0.44616103
22155,0.44616103
22164,0.44616103
22173,0.44616103
22194,0.44616103
22209,0.44616103
22217,0.44616103
22220,0.44616103
22222,0.44616103
22244,0.44616103
22245,0.44616103
22250,0.44616103
22256,0.44616103
22261,0.44616103
22264,0.44616103
22270,0.44616103
22279,0.44616103
22280,0.44616103
22284,0.44616103
22288,0.44616103
22293,0.44616103
22297,0.44616103
22307,0.44616103
22310,0.44616103
22319,0.44616103
22324,0.44616103
22326,0.44616103
22327,0.44616103
22329,0.44616103
22331,0.44616103
22340,0.44616103
22342,0.44616103
22347,0.44616103
22351,0.44616103
22357,0.44616103
22361,0.44616103
22371,0.44616103
22373,0.44616103
22391,0.44616103
22404,0.44616103
22409,0.44616103
22411,0.44616103
22428,0.44616103
22436,0.44616103
22444,0.44616103
22445,0.44616103
22451,0.44616103
22463,0.44616103
22464,0.44616103
22467,0.44616103
22472,0.44616103
22485,0.44616103
22497,0.44616103
22504,0.44616103
22508,0.44616103
22516,0.44616103
22522,0.44616103
22527,0.44616103
22543,0.44616103
22549,0.44616103
22551,0.44616103
22557,0.44616103
22562,0.44616103
22567,0.44616103
22572,0.44616103
22575,0.44616103
22578,0.44616103
22579,0.44616103
22580,0.44616103
22581,0.44616103
22591,0.44616103
22593,0.44616103
22597,0.44616103
22600,0.44616103
22602,0.44616103
22603,0.44616103
22616,0.44616103
22617,0.44616103
22622,0.44616103
22623,0.44616103
22624,0.44616103
22628,0.44616103
22640,0.44616103
22641,0.44616103
22653,0.44616103
22660,0.44616103
22672,0.44616103
22674,0.44616103
22689,0.44616103
22698,0.44616103
22705,0.44616103
22709,0.44616103
22711,0.44616103
22714,0.44616103
22715,0.44616103
22729,0.44616103
22730,0.44616103
22733,0.44616103
22750,0.44616103
22754,0.44616103
22756,0.44616103
22758,0.44616103
22767,0.44616103
22768,0.44616103
22769,0.44616103
22776,0.44616103
22778,0.44616103
22780,0.44616103
22789,0.44616103
22797,0.44616103
22799,0.44616103
22814,0.44616103
22818,0.44616103
22821,0.44616103
22823,0.44616103
22841,0.44616103
22847,0.44616103
22848,0.44616103
22862,0.44616103
22875,0.44616103
22877,0.44616103
22887,0.44616103
22892,0.44616103
22899,0.44616103
22901,0.44616103
22907,0.44616103
22909,0.44616103
22926,0.44616103
22927,0.44616103
22930,0.44616103
22934,0.44616103
22937,0.44616103
22939,0.44616103
22949,0.44616103
22951,0.44616103
22955,0.44616103
22965,0.44616103
22966,0.44616103
22968,0.44616103
22972,0.44616103
22975,0.44616103
22981,0.44616103
22988,0.44616103
22994,0.44616103
22996,0.44616103
23011,0.44616103
23028,0.44616103
23031,0.44616103
23035,0.44616103
23038,0.44616103
23042,0.44616103
23049,0.44616103
23051,0.44616103
23053,0.44616103
23057,0.44616103
23058,0.44616103
23063,0.44616103
23064,0.44616103
23067,0.44616103
23071,0.44616103
23075,0.44616103
23077,0.44616103
23090,0.44616103
23094,0.44616103
23097,0.44616103
23103,0.44616103
23107,0.44616103
23117,0.44616103
23122,0.44616103
23124,0.44616103
23126,0.44616103
23129,0.44616103
23136,0.44616103
23141,0.44616103
23142,0.44616103
23147,0.44616103
23154,0.44616103
23159,0.44616103
23165,0.44616103
23171,0.44616103
23173,0.44616103
23175,0.44616103
23179,0.44616103
23182,0.44616103
23185,0.44616103
23188,0.44616103
23189,0.44616103
23209,0.44616103
23214,0.44616103
23215,0.44616103
23233,0.44616103
23241,0.44616103
23252,0.44616103
23255,0.44616103
23263,0.44616103
23281,0.44616103
23282,0.44616103
23289,0.44616103
23292,0.44616103
23296,0.44616103
23297,0.44616103
23301,0.44616103
23302,0.44616103
23304,0.44616103
23309,0.44616103
23312,0.44616103
23316,0.44616103
23321,0.44616103
23342,0.44616103
23344,0.44616103
23350,0.44616103
23367,0.44616103
23368,0.44616103
23374,0.44616103
23387,0.44616103
23389,0.44616103
23399,0.44616103
23403,0.44616103
23406,0.44616103
23414,0.44616103
23415,0.44616103
23419,0.44616103
23436,0.44616103
23439,0.44616103
23444,0.44616103
23445,0.44616103
23455,0.44616103
23469,0.44616103
23472,0.44616103
23477,0.44616103
23478,0.44616103
23479,0.44616103
23487,0.44616103
23490,0.44616103
23491,0.44616103
23492,0.44616103
23494,0.44616103
23496,0.44616103
23497,0.44616103
23506,0.44616103
23515,0.44616103
23528,0.44616103
23532,0.44616103
23549,0.44616103
23551,0.44616103
23552,0.44616103
23555,0.44616103
23556,0.44616103
23564,0.44616103
23583,0.44616103
23592,0.44616103
23597,0.44616103
23601,0.44616103
23605,0.44616103
23615,0.44616103
23619,0.44616103
23621,0.44616103
23626,0.44616103
23635,0.44616103
23637,0.44616103
23640,0.44616103
23646,0.44616103
23655,0.44616103
23672,0.44616103
23673,0.44616103
23682,0.44616103
23683,0.44616103
23699,0.44616103
23704,0.44616103
23707,0.44616103
23713,0.44616103
23714,0.44616103
23716,0.44616103
23718,0.44616103
23721,0.44616103
23735,0.44616103
23737,0.44616103
23744,0.44616103
23749,0.44616103
23755,0.44616103
23769,0.44616103
23772,0.44616103
23773,0.44616103
23774,0.44616103
23779,0.44616103
23782,0.44616103
23793,0.44616103
23803,0.44616103
23828,0.44616103
23833,0.44616103
23834,0.44616103
23844,0.44616103
23845,0.44616103
23852,0.44616103
23855,0.44616103
23867,0.44616103
23872,0.44616103
23874,0.44616103
23880,0.44616103
23886,0.44616103
23898,0.44616103
23900,0.44616103
23903,0.44616103
23907,0.44616103
23908,0.44616103
23912,0.44616103
23916,0.44616103
23917,0.44616103
23918,0.44616103
23922,0.44616103
23928,0.44616103
23940,0.44616103
23944,0.44616103
23945,0.44616103
23951,0.44616103
23966,0.44616103
23970,0.44616103
23971,0.44616103
23976,0.44616103
23980,0.44616103
23987,0.44616103
23988,0.44616103
23993,0.44616103
23997,0.44616103
23998,0.44616103
23999,0.44616103
24010,0.44616103
24015,0.44616103
24023,0.44616103
24033,0.44616103
24046,0.44616103
24060,0.44616103
24062,0.44616103
24065,0.44616103
24070,0.44616103
24071,0.44616103
24073,0.44616103
24079,0.44616103
24082,0.44616103
24084,0.44616103
24089,0.44616103
24094,0.44616103
24100,0.44616103
24105,0.44616103
24106,0.44616103
24108,0.44616103
24111,0.44616103
24120,0.44616103
24125,0.44616103
24134,0.44616103
24140,0.44616103
24151,0.44616103
24153,0.44616103
24154,0.44616103
24161,0.44616103
24166,0.44616103
24170,0.44616103
24176,0.44616103
24182,0.44616103
24188,0.44616103
24190,0.44616103
24201,0.44616103
24211,0.44616103
24215,0.44616103
24216,0.44616103
24219,0.44616103
24222,0.44616103
24240,0.44616103
24243,0.44616103
24245,0.44616103
24251,0.44616103
24256,0.44616103
24258,0.44616103
24261,0.44616103
24263,0.44616103
24264,0.44616103
24266,0.44616103
24273,0.44616103
24278,0.44616103
24289,0.44616103
24292,0.44616103
24293,0.44616103
24298,0.44616103
24299,0.44616103
24303,0.44616103
24304,0.44616103
24305,0.44616103
24329,0.44616103
24341,0.44616103
24345,0.44616103
24353,0.44616103
24358,0.44616103
24364,0.44616103
24367,0.44616103
24370,0.44616103
24377,0.44616103
24380,0.44616103
24381,0.44616103
24387,0.44616103
24391,0.44616103
24409,0.44616103
24413,0.44616103
24416,0.44616103
24427,0.44616103
24439,0.44616103
24443,0.44616103
24448,0.44616103
24454,0.44616103
24455,0.44616103
24461,0.44616103
24464,0.44616103
24468,0.44616103
24469,0.44616103
24501,0.44616103
24508,0.44616103
24519,0.44616103
24520,0.44616103
24538,0.44616103
24540,0.44616103
24550,0.44616103
24552,0.44616103
24561,0.44616103
24577,0.44616103
24579,0.44616103
24580,0.44616103
24582,0.44616103
24591,0.44616103
24592,0.44616103
24599,0.44616103
24602,0.44616103
24606,0.44616103
24617,0.44616103
24619,0.44616103
24630,0.44616103
24633,0.44616103
24634,0.44616103
24638,0.44616103
24641,0.44616103
24644,0.44616103
24645,0.44616103
24656,0.44616103
24661,0.44616103
24663,0.44616103
24667,0.44616103
24669,0.44616103
24682,0.44616103
24698,0.44616103
24699,0.44616103
24702,0.44616103
24703,0.44616103
24717,0.44616103
24724,0.44616103
24731,0.44616103
24737,0.44616103
24740,0.44616103
24743,0.44616103
24744,0.44616103
24755,0.44616103
24757,0.44616103
24765,0.44616103
24766,0.44616103
24776,0.44616103
24787,0.44616103
24789,0.44616103
24791,0.44616103
24792,0.44616103
24804,0.44616103
24812,0.44616103
24816,0.44616103
24817,0.44616103
24820,0.44616103
24828,0.44616103
24832,0.44616103
24836,0.44616103
24842,0.44616103
24846,0.44616103
24847,0.44616103
24848,0.44616103
24851,0.44616103
24855,0.44616103
24856,0.44616103
24871,0.44616103
24874,0.44616103
24877,0.44616103
24889,0.44616103
24897,0.44616103
24899,0.44616103
24908,0.44616103
24913,0.44616103
24923,0.44616103
24933,0.44616103
24971,0.44616103
24973,0.44616103
24993,0.44616103
24998,0.44616103
25000,0.44616103
25001,0.44616103
25002,0.44616103
25003,0.44616103
25009,0.44616103
25024,0.44616103
25026,0.44616103
25027,0.44616103
25034,0.44616103
25050,0.44616103
25057,0.44616103
25067,0.44616103
25075,0.44616103
25081,0.44616103
25085,0.44616103
25093,0.44616103
25097,0.44616103
25103,0.44616103
25104,0.44616103
25109,0.44616103
25112,0.44616103
25113,0.44616103
25114,0.44616103
25119,0.44616103
25121,0.44616103
25122,0.44616103
25124,0.44616103
25131,0.44616103
25134,0.44616103
25144,0.44616103
25147,0.44616103
25148,0.44616103
25149,0.44616103
25155,0.44616103
25169,0.44616103
25177,0.44616103
25178,0.44616103
25179,0.44616103
25180,0.44616103
25191,0.44616103
25199,0.44616103
25232,0.44616103
25241,0.44616103
25242,0.44616103
25243,0.44616103
25246,0.44616103
25259,0.44616103
25265,0.44616103
25278,0.44616103
25280,0.44616103
25284,0.44616103
25286,0.44616103
25288,0.44616103
25318,0.44616103
25330,0.44616103
25333,0.44616103
25339,0.44616103
25340,0.44616103
25346,0.44616103
25349,0.44616103
25351,0.44616103
25361,0.44616103
25366,0.44616103
25368,0.44616103
25369,0.44616103
25370,0.44616103
25375,0.44616103
25376,0.44616103
25377,0.44616103
25379,0.44616103
25382,0.44616103
25386,0.44616103
25389,0.44616103
25399,0.44616103
25400,0.44616103
25401,0.44616103
25407,0.44616103
25409,0.44616103
25412,0.44616103
25416,0.44616103
25418,0.44616103
25423,0.44616103
25436,0.44616103
25439,0.44616103
25442,0.44616103
25445,0.44616103
25446,0.44616103
25453,0.44616103
25456,0.44616103
25458,0.44616103
25460,0.44616103
25461,0.44616103
25468,0.44616103
25470,0.44616103
25471,0.44616103
25482,0.44616103
25501,0.44616103
25504,0.44616103
25515,0.44616103
25518,0.44616103
25528,0.44616103
25533,0.44616103
25543,0.44616103
25548,0.44616103
25564,0.44616103
25572,0.44616103
25576,0.44616103
25577,0.44616103
25587,0.44616103
25591,0.44616103
25596,0.44616103
25598,0.44616103
25617,0.44616103
25618,0.44616103
25620,0.44616103
25623,0.44616103
25626,0.44616103
25628,0.44616103
25633,0.44616103
25637,0.44616103
25644,0.44616103
25662,0.44616103
25663,0.44616103
25673,0.44616103
25678,0.44616103
25685,0.44616103
25691,0.44616103
25706,0.44616103
25707,0.44616103
25723,0.44616103
25725,0.44616103
25735,0.44616103
25740,0.44616103
25759,0.44616103
25761,0.44616103
25769,0.44616103
25774,0.44616103
25779,0.44616103
25781,0.44616103
25784,0.44616103
25790,0.44616103
25796,0.44616103
25816,0.44616103
25847,0.44616103
25850,0.44616103
25852,0.44616103
25856,0.44616103
25866,0.44616103
25867,0.44616103
25868,0.44616103
25869,0.44616103
25877,0.44616103
25878,0.44616103
25890,0.44616103
25898,0.44616103
25899,0.44616103
25906,0.44616103
25907,0.44616103
25915,0.44616103
25932,0.44616103
25939,0.44616103
25946,0.44616103
25951,0.44616103
25959,0.44616103
25961,0.44616103
25964,0.44616103
25969,0.44616103
25980,0.44616103
25986,0.44616103
25992,0.44616103
25998,0.44616103
26000,0.44616103
26006,0.44616103
26009,0.44616103
26016,0.44616103
26023,0.44616103
26038,0.44616103
26041,0.44616103
26050,0.44616103
26051,0.44616103
26057,0.44616103
26060,0.44616103
26062,0.44616103
26067,0.44616103
26068,0.44616103
26072,0.44616103
26074,0.44616103
26075,0.44616103
26081,0.44616103
26108,0.44616103
26112,0.44616103
26113,0.44616103
26115,0.44616103
26122,0.44616103
26139,0.44616103
26162,0.44616103
26165,0.44616103
26173,0.44616103
26177,0.44616103
26179,0.44616103
26184,0.44616103
26190,0.44616103
26204,0.44616103
26205,0.44616103
26212,0.44616103
26215,0.44616103
26227,0.44616103
26232,0.44616103
26237,0.44616103
26246,0.44616103
26248,0.44616103
26249,0.44616103
26260,0.44616103
26263,0.44616103
26267,0.44616103
26269,0.44616103
26271,0.44616103
26273,0.44616103
26286,0.44616103
26297,0.44616103
26309,0.44616103
26313,0.44616103
26319,0.44616103
26329,0.44616103
26330,0.44616103
26333,0.44616103
26361,0.44616103
26366,0.44616103
26376,0.44616103
26378,0.44616103
26382,0.44616103
26389,0.44616103
26391,0.44616103
26401,0.44616103
26415,0.44616103
26419,0.44616103
26421,0.44616103
26422,0.44616103
26423,0.44616103
26424,0.44616103
26441,0.44616103
26442,0.44616103
26446,0.44616103
26447,0.44616103
26448,0.44616103
26451,0.44616103
26459,0.44616103
26465,0.44616103
26476,0.44616103
26481,0.44616103
26487,0.44616103
26501,0.44616103
26513,0.44616103
26517,0.44616103
26527,0.44616103
26534,0.44616103
26535,0.44616103
26545,0.44616103
26550,0.44616103
26558,0.44616103
26571,0.44616103
26573,0.44616103
26575,0.44616103
26578,0.44616103
26583,0.44616103
26590,0.44616103
26593,0.44616103
26602,0.44616103
26606,0.44616103
26613,0.44616103
26615,0.44616103
26618,0.44616103
26628,0.44616103
26630,0.44616103
26635,0.44616103
26645,0.44616103
26648,0.44616103
26651,0.44616103
26660,0.44616103
26663,0.44616103
26664,0.44616103
26665,0.44616103
26673,0.44616103
26675,0.44616103
26676,0.44616103
26677,0.44616103
26679,0.44616103
26687,0.44616103
26689,0.44616103
26697,0.44616103
26737,0.44616103
26747,0.44616103
26748,0.44616103
26749,0.44616103
26754,0.44616103
26759,0.44616103
26760,0.44616103
26765,0.44616103
26769,0.44616103
26771,0.44616103
26776,0.44616103
26778,0.44616103
26780,0.44616103
26783,0.44616103
26785,0.44616103
26800,0.44616103
26804,0.44616103
26812,0.44616103
26816,0.44616103
26823,0.44616103
26834,0.44616103
26836,0.44616103
26841,0.44616103
26845,0.44616103
26849,0.44616103
26854,0.44616103
26858,0.44616103
26860,0.44616103
26866,0.44616103
26871,0.44616103
26873,0.44616103
26905,0.44616103
26907,0.44616103
26920,0.44616103
26924,0.44616103
26930,0.44616103
26942,0.44616103
26944,0.44616103
26949,0.44616103
26952,0.44616103
26956,0.44616103
26973,0.44616103
26977,0.44616103
26993,0.44616103
26997,0.44616103
26999,0.44616103
27021,0.44616103
27023,0.44616103
27025,0.44616103
27027,0.44616103
27032,0.44616103
27034,0.44616103
27036,0.44616103
27045,0.44616103
27050,0.44616103
27051,0.44616103
27055,0.44616103
27056,0.44616103
27060,0.44616103
27061,0.44616103
27066,0.44616103
27070,0.44616103
27073,0.44616103
27077,0.44616103
27085,0.44616103
27086,0.44616103
27099,0.44616103
27105,0.44616103
27109,0.44616103
27125,0.44616103
27135,0.44616103
27139,0.44616103
27140,0.44616103
27141,0.44616103
27142,0.44616103
27144,0.44616103
27148,0.44616103
27154,0.44616103
27162,0.44616103
27175,0.44616103
27176,0.44616103
27178,0.44616103
27197,0.44616103
27204,0.44616103
27205,0.44616103
27206,0.44616103
27207,0.44616103
27216,0.44616103
27230,0.44616103
27234,0.44616103
27241,0.44616103
27249,0.44616103
27251,0.44616103
27252,0.44616103
27256,0.44616103
27257,0.44616103
27263,0.44616103
27268,0.44616103
27269,0.44616103
27276,0.44616103
27279,0.44616103
27288,0.44616103
27295,0.44616103
27299,0.44616103
27302,0.44616103
27304,0.44616103
27316,0.44616103
27318,0.44616103
27330,0.44616103
27333,0.44616103
27335,0.44616103
27339,0.44616103
27341,0.44616103
27342,0.44616103
27345,0.44616103
27347,0.44616103
27354,0.44616103
27361,0.44616103
27375,0.44616103
27387,0.44616103
27390,0.44616103
27392,0.44616103
27399,0.44616103
27403,0.44616103
27410,0.44616103
27423,0.44616103
27429,0.44616103
27432,0.44616103
27436,0.44616103
27437,0.44616103
27441,0.44616103
27444,0.44616103
27445,0.44616103
27448,0.44616103
27454,0.44616103
27459,0.44616103
27465,0.44616103
27478,0.44616103
27479,0.44616103
27481,0.44616103
27483,0.44616103
27486,0.44616103
27498,0.44616103
27505,0.44616103
27507,0.44616103
27509,0.44616103
27514,0.44616103
27527,0.44616103
27535,0.44616103
27544,0.44616103
27545,0.44616103
27556,0.44616103
27563,0.44616103
27569,0.44616103
27585,0.44616103
27589,0.44616103
27605,0.44616103
27608,0.44616103
27609,0.44616103
27611,0.44616103
27621,0.44616103
27626,0.44616103
27629,0.44616103
27645,0.44616103
27651,0.44616103
27654,0.44616103
27656,0.44616103
27663,0.44616103
27673,0.44616103
27677,0.44616103
27678,0.44616103
27680,0.44616103
27681,0.44616103
27684,0.44616103
27688,0.44616103
27706,0.44616103
27709,0.44616103
27720,0.44616103
27722,0.44616103
27733,0.44616103
27734,0.44616103
27739,0.44616103
27746,0.44616103
27751,0.44616103
27755,0.44616103
27777,0.44616103
27783,0.44616103
27795,0.44616103
27805,0.44616103
27811,0.44616103
27815,0.44616103
27823,0.44616103
27856,0.44616103
27873,0.44616103
27883,0.44616103
27885,0.44616103
27887,0.44616103
27899,0.44616103
27921,0.44616103
27924,0.44616103
27927,0.44616103
27929,0.44616103
27932,0.44616103
27943,0.44616103
27945,0.44616103
27952,0.44616103
27957,0.44616103
27960,0.44616103
27966,0.44616103
27968,0.44616103
27980,0.44616103
27984,0.44616103
27994,0.44616103
27995,0.44616103
28002,0.44616103
28004,0.44616103
28006,0.44616103
28028,0.44616103
28042,0.44616103
28043,0.44616103
28055,0.44616103
28061,0.44616103
28063,0.44616103
28077,0.44616103
28090,0.44616103
28093,0.44616103
28095,0.44616103
28096,0.44616103
28098,0.44616103
28099,0.44616103
28111,0.44616103
28115,0.44616103
28123,0.44616103
28125,0.44616103
28126,0.44616103
28129,0.44616103
28131,0.44616103
28139,0.44616103
28146,0.44616103
28153,0.44616103
28155,0.44616103
28160,0.44616103
28166,0.44616103
28167,0.44616103
28176,0.44616103
28185,0.44616103
28187,0.44616103
28195,0.44616103
28203,0.44616103
28206,0.44616103
28209,0.44616103
28210,0.44616103
28211,0.44616103
28216,0.44616103
28234,0.44616103
28235,0.44616103
28248,0.44616103
28255,0.44616103
28266,0.44616103
28277,0.44616103
28286,0.44616103
28288,0.44616103
28289,0.44616103
28290,0.44616103
28296,0.44616103
28300,0.44616103
28306,0.44616103
28307,0.44616103
28309,0.44616103
28327,0.44616103
28336,0.44616103
28345,0.44616103
28355,0.44616103
28361,0.44616103
28362,0.44616103
28374,0.44616103
28380,0.44616103
28381,0.44616103
28393,0.44616103
28394,0.44616103
28405,0.44616103
28413,0.44616103
28426,0.44616103
28428,0.44616103
28429,0.44616103
28442,0.44616103
28445,0.44616103
28457,0.44616103
28459,0.44616103
28462,0.44616103
28478,0.44616103
28490,0.44616103
28492,0.44616103
28499,0.44616103
28500,0.44616103
28506,0.44616103
28509,0.44616103
28513,0.44616103
28516,0.44616103
28519,0.44616103
28526,0.44616103
28527,0.44616103
28528,0.44616103
28533,0.44616103
28547,0.44616103
28551,0.44616103
28563,0.44616103
28566,0.44616103
28568,0.44616103
28580,0.44616103
28589,0.44616103
28590,0.44616103
28606,0.44616103
28613,0.44616103
28615,0.44616103
28619,0.44616103
28629,0.44616103
28633,0.44616103
28635,0.44616103
28646,0.44616103
28648,0.44616103
28651,0.44616103
28660,0.44616103
28681,0.44616103
28693,0.44616103
28696,0.44616103
28703,0.44616103
28709,0.44616103
28712,0.44616103
28718,0.44616103
28719,0.44616103
28727,0.44616103
28730,0.44616103
28732,0.44616103
28740,0.44616103
28747,0.44616103
28752,0.44616103
28757,0.44616103
28764,0.44616103
28765,0.44616103
28770,0.44616103
28772,0.44616103
28783,0.44616103
28786,0.44616103
28796,0.44616103
28799,0.44616103
28806,0.44616103
28807,0.44616103
28815,0.44616103
28818,0.44616103
28823,0.44616103
28824,0.44616103
28831,0.44616103
28834,0.44616103
28841,0.44616103
28848,0.44616103
28882,0.44616103
28884,0.44616103
28904,0.44616103
28907,0.44616103
28919,0.44616103
28920,0.44616103
28928,0.44616103
28935,0.44616103
28936,0.44616103
28945,0.44616103
28950,0.44616103
28957,0.44616103
28963,0.44616103
28974,0.44616103
28980,0.44616103
28988,0.44616103
28999,0.44616103
29001,0.44616103
29004,0.44616103
29006,0.44616103
29012,0.44616103
29018,0.44616103
29027,0.44616103
29030,0.44616103
29032,0.44616103
29039,0.44616103
29043,0.44616103
29056,0.44616103
29064,0.44616103
29068,0.44616103
29069,0.44616103
29074,0.44616103
29076,0.44616103
29085,0.44616103
29088,0.44616103
29091,0.44616103
29092,0.44616103
29093,0.44616103
29094,0.44616103
29108,0.44616103
29114,0.44616103
29115,0.44616103
29118,0.44616103
29125,0.44616103
29127,0.44616103
29150,0.44616103
29152,0.44616103
29155,0.44616103
29165,0.44616103
29167,0.44616103
29174,0.44616103
29180,0.44616103
29185,0.44616103
29190,0.44616103
29192,0.44616103
29194,0.44616103
29220,0.44616103
29231,0.44616103
29237,0.44616103
29240,0.44616103
29247,0.44616103
29256,0.44616103
29275,0.44616103
29278,0.44616103
29280,0.44616103
29286,0.44616103
29288,0.44616103
29305,0.44616103
29327,0.44616103
29329,0.44616103
29333,0.44616103
29335,0.44616103
29342,0.44616103
29344,0.44616103
29353,0.44616103
29358,0.44616103
29373,0.44616103
29392,0.44616103
29393,0.44616103
29395,0.44616103
29403,0.44616103
29405,0.44616103
29410,0.44616103
29423,0.44616103
29427,0.44616103
29429,0.44616103
29432,0.44616103
29440,0.44616103
29447,0.44616103
29448,0.44616103
29452,0.44616103
29455,0.44616103
29461,0.44616103
29466,0.44616103
29474,0.44616103
29476,0.44616103
29486,0.44616103
29494,0.44616103
29497,0.44616103
29505,0.44616103
29511,0.44616103
29516,0.44616103
29522,0.44616103
29523,0.44616103
29524,0.44616103
29529,0.44616103
29533,0.44616103
29535,0.44616103
29548,0.44616103
29551,0.44616103
29563,0.44616103
29574,0.44616103
29575,0.44616103
29592,0.44616103
29599,0.44616103
29608,0.44616103
29613,0.44616103
29620,0.44616103
29630,0.44616103
29637,0.44616103
29638,0.44616103
29643,0.44616103
29648,0.44616103
29657,0.44616103
29659,0.44616103
29662,0.44616103
29665,0.44616103
29699,0.44616103
29706,0.44616103
29715,0.44616103
29716,0.44616103
29717,0.44616103
29721,0.44616103
29731,0.44616103
29735,0.44616103
29739,0.44616103
29742,0.44616103
29747,0.44616103
29749,0.44616103
29754,0.44616103
29773,0.44616103
29777,0.44616103
29779,0.44616103
29783,0.44616103
29786,0.44616103
29805,0.44616103
29811,0.44616103
29812,0.44616103
29815,0.44616103
29819,0.44616103
29833,0.44616103
29847,0.44616103
29854,0.44616103
29856,0.44616103
29859,0.44616103
29864,0.44616103
29865,0.44616103
29867,0.44616103
29885,0.44616103
29894,0.44616103
29900,0.44616103
29910,0.44616103
29928,0.44616103
29942,0.44616103
29951,0.44616103
29953,0.44616103
29962,0.44616103
29968,0.44616103
29974,0.44616103
29980,0.44616103
29987,0.44616103
29993,0.44616103
30001,0.44616103
30005,0.44616103
30015,0.44616103
30034,0.44616103
30041,0.44616103
30044,0.44616103
30058,0.44616103
30061,0.44616103
30064,0.44616103
30065,0.44616103
30069,0.44616103
30074,0.44616103
30076,0.44616103
30080,0.44616103
30086,0.44616103
30087,0.44616103
30092,0.44616103
30093,0.44616103
30096,0.44616103
30097,0.44616103
30098,0.44616103
30102,0.44616103
30106,0.44616103
30110,0.44616103
30111,0.44616103
30122,0.44616103
30128,0.44616103
30130,0.44616103
30131,0.44616103
30132,0.44616103
30135,0.44616103
30137,0.44616103
30157,0.44616103
30158,0.44616103
30162,0.44616103
30170,0.44616103
30174,0.44616103
30195,0.44616103
30196,0.44616103
30204,0.44616103
30207,0.44616103
30209,0.44616103
30212,0.44616103
30221,0.44616103
30225,0.44616103
30229,0.44616103
30231,0.44616103
30233,0.44616103
30237,0.44616103
30239,0.44616103
30242,0.44616103
30244,0.44616103
30249,0.44616103
30262,0.44616103
30286,0.44616103
30292,0.44616103
30303,0.44616103
30320,0.44616103
30322,0.44616103
30355,0.44616103
30356,0.44616103
30372,0.44616103
30375,0.44616103
30379,0.44616103
30384,0.44616103
30386,0.44616103
30394,0.44616103
30395,0.44616103
30396,0.44616103
30397,0.44616103
30402,0.44616103
30413,0.44616103
30416,0.44616103
30420,0.44616103
30422,0.44616103
30432,0.44616103
30434,0.44616103
30438,0.44616103
30444,0.44616103
30446,0.44616103
30455,0.44616103
30457,0.44616103
30459,0.44616103
30463,0.44616103
30468,0.44616103
30477,0.44616103
30478,0.44616103
30481,0.44616103
30482,0.44616103
30487,0.44616103
30491,0.44616103
30496,0.44616103
30501,0.44616103
30506,0.44616103
30511,0.44616103
30513,0.44616103
30516,0.44616103
30520,0.44616103
30531,0.44616103
30542,0.44616103
30555,0.44616103
30557,0.44616103
30568,0.44616103
30570,0.44616103
30584,0.44616103
30594,0.44616103
30614,0.44616103
30617,0.44616103
30618,0.44616103
30631,0.44616103
30632,0.44616103
30634,0.44616103
30636,0.44616103
30637,0.44616103
30639,0.44616103
30647,0.44616103
30649,0.44616103
30656,0.44616103
30660,0.44616103
30665,0.44616103
30669,0.44616103
30681,0.44616103
30683,0.44616103
30687,0.44616103
30694,0.44616103
